Longitud de Onda;Intensidad
195.78416707969618;0.0005488031868962407
195.9853945637375;-0.002237428377346354
196.18663916195564;0.0004336696511837368
196.38790087128748;-0.0006025321702287983
196.58917968866987;0.0005948566011812422
196.79047561103965;0.0017001385440212798
196.99178863533368;0.0011244708654587602
197.19311875848877;0.0017692186654487822
197.39446597744177;0.0018382987868762843
197.59583028912957;0.0012396044011712642
197.79721169048898;0.0018152720797337837
197.99861017845686;0.0019073789083037867
198.20002574997008;0.0010553907440312578
198.40145840196544;0.0020225124440162905
198.60290813137982;1.9188922618722727e-05
198.80437493515007;-0.00037226509880379055
199.00585881021303;0.0004566963583262376
199.20735975350556;-0.0005104253416587952
199.40887776196448;0.00024945599404373056
199.61041283252663;-0.0003031849773762882
199.8119649621289;-0.001592680577356332
200.01353414770813;-0.001155173141648817
200.21512038620114;-0.0002801582702337874
200.41672367454478;-0.002813096055908873
200.61834400967592;-0.0013624135059313242
200.8199813885314;-0.0006025321702287983
201.02163580804807;-0.0009709594845088109
201.22330726516276;0.0004336696511837368
201.42499575681234;0.0017461919583062814
201.62670127993366;-0.001270306677361321
201.8284238314635;0.0005718298940387415
202.03016340833884;0.0023679130511538023
202.2319200074964;0.002644233536863812
202.43369362587308;0.0011935509868862626
202.63548426040575;0.0005718298940387415
202.8372919080312;-0.0009249060702238093
203.03911656568633;-0.0004413452202312929
203.24095823030797;-0.0016847874059263352
203.44281689883294;0.001469871472596272
203.64469256819814;-0.0004413452202312929
203.8465852353404;-0.001270306677361321
204.04849489719655;-0.001063066313078814
204.25042155070344;-0.0010400396059363133
204.4523651927979;-0.0012012265559338186
204.65432582041683;0.000617883308323743
204.85630343049704;0.0008481503797487509
205.05829801997538;0.0016310584225937774
205.26030958578872;-3.837784523778054e-06
205.46233812487387;0.003565301822563843
205.6643836341677;0.0007330168440362469
205.8664461106071;0.001469871472596272
206.06852555112883;0.0011935509868862626
206.27062195266979;0.0008251236726062501
206.4727353121668;0.0015850050083087758
206.67486562655677;0.001677111836878779
206.87701289277646;-0.0004183185130887921
207.0791771077628;0.0011705242797437618
207.28135826845258;-0.002007161305921346
207.48355637178267;-0.0008327992416538062
207.6857714146899;-0.0015005737487863288
207.88800339411114;-0.0007176657059413023
208.09025230698325;-0.0017768942344963381
208.29251815024304;-0.0011781998487913178
208.49480092082737;-0.002007161305921346
208.6971006156731;-0.0003031849773762882
208.89941723171708;-0.0017078141130688358
209.10175076589613;0.0004336696511837368
209.3041012151471;-0.00039529180594629135
209.5064685764069;0.0021376459797287947
209.7088528466123;0.00036458952975623445
209.91125402270018;0.0022988329297263
210.11367210160736;0.0001803758726162282
210.31610708027074;0.0021376459797287947
210.51855895562716;-0.0015236004559288296
210.7210277246134;0.0017001385440212798
210.9235133841664;0.000940257208318754
211.12601593122295;0.0007330168440362469
211.3285353627199;-0.00014199802737878273
211.53107167559412;0.002413966465438804
211.73362486678243;-0.00016502473452128353
211.9361949332217;-0.0018690010630663413
212.13878187184878;-0.0014314936273588264
212.3413856796005;-3.837784523778054e-06
212.54400635341372;-0.000855825948796307
212.74664389022527;-0.0006255588773712991
212.949298286972;0.0001803758726162282
213.1519695405908;-0.0004643719273737937
213.35465764801847;0.0005718298940387415
213.5573626061919;-0.001063066313078814
213.7600844120479;0.0005718298940387415
213.9628230625233;0.0005257764797537399
214.165578554555;1.9188922618722727e-05
214.36835088507982;0.0004566963583262376
214.5711400510346;0.00038761623689873524
214.77394604935623;0.0021146192725862937
214.9767688769815;-0.001063066313078814
215.1796085308473;0.000940257208318754
215.38246500789046;-0.0013163600916463226
215.5853383050478;-0.00034923839166128975
215.78822841925623;-0.0017768942344963381
215.99113534745257;-0.0011091197273638157
216.19405908657365;-0.0015466271630713304
216.3969996335563;0.0002724827011862313
216.59995698533743;-0.001477547041643828
216.80293113885386;-0.0013624135059313242
217.0059220910424;-0.0009018793630813085
217.20892983883996;0.0011935509868862626
217.41195437918336;-0.0011781998487913178
217.6149957090094;0.0019073789083037867
217.81805382525502;0.0008942037940337524
218.02112872485702;0.002828447194003818
218.22422040475223;0.000617883308323743
218.42732886187753;0.001561978301166275
218.63045409316973;0.0005488031868962407
218.83359609556572;0.0006409100154662438
219.0367548660023;0.001792245372591283
219.23993040141636;0.00034156282261373365
219.44312269874476;-0.0023986153273438593
219.6463317549243;-0.0004643719273737937
219.84955756689183;-0.002030188013063847
220.05280013158423;-0.0011321464345063162
220.25605944593835;-0.0026058556916263662
220.459335506891;-9.594461309378118e-05
220.66262831137905;-0.0031124432487613833
220.86593785633937;-0.0024216420344863603
221.06926413870875;0.00036458952975623445
221.27260715542408;0.00047972306546873833
221.4759669034222;-0.002214401670203853
221.67934337964;0.00013432245833122663
221.88273658101423;0.00020340257975872897
222.0861465044818;0.0010553907440312578
222.28957314697956;0.0011014441583162594
222.49301650544433;0.0007099901368937462
222.69647657681298;0.0013777646440262688
222.89995335802237;0.0019764590297312893
223.10344684600932;-0.0001880514416637843
223.30695703771067;-0.0001880514416637843
223.51048393006332;-0.0009018793630813085
223.71402752000407;0.0004566963583262376
223.91758780446975;-0.001063066313078814
224.12116478039727;-0.0006255588773712991
224.32475844472341;-0.00016502473452128353
224.52836879438507;-0.0011091197273638157
224.7319958263191;0.0002724827011862313
224.93563953746232;-0.0009479327773663101
225.13929992475158;-0.0004183185130887921
225.34297698512373;-0.0006255588773712991
225.5466707155156;-0.001270306677361321
225.7503811128641;0.0013777646440262688
225.95410817410598;-0.0008097725345113054
226.1578518961782;0.0004336696511837368
226.36161227601752;-7.291790595128039e-05
226.56538931056082;0.001032364036888757
226.76918299674495;0.0023679130511538023
226.97299333150676;0.0011935509868862626
227.17682031178308;-0.0006485855845137999
227.38066393451075;0.002828447194003818
227.58452419662666;-0.0025598022773413646
227.78840109506763;0.00011129575118872586
227.9922946267705;-0.0027209892273388704
228.19620478867216;0.0002724827011862313
228.40013157770937;-0.0015466271630713304
228.60407499081907;4.221562976122351e-05
228.80803502493808;-0.002744015934481371
229.01201167700322;0.00034156282261373365
229.21600494395136;-0.0005564787559437968
229.42001482271937;0.0005488031868962407
229.62404131024402;-0.0021453215487763507
229.82808440346224;0.0011014441583162594
230.03214409931087;0.000617883308323743
230.2362203947267;0.003150821093998829
230.4403132866466;0.0017001385440212798
230.64442277200746;0.0015389515940237744
230.8485488477461;0.0017692186654487822
231.05269151079935;-0.0019380811844938437
231.25685075810406;0.0008942037940337524
231.4610265865971;-0.0013163600916463226
231.66521899321532;-0.0009018793630813085
231.86942797489553;-0.00034923839166128975
232.07365352857462;-0.0006716122916563007
232.2778956511894;-0.0013393867987888234
232.48215433967675;-0.001915054477351343
232.68642959097352;-0.0011091197273638157
232.89072140201654;-0.0016617606987838344
233.09502976974264;0.00036458952975623445
233.2993546910887;-0.002214401670203853
233.50369616299153;0.0010553907440312578
233.70805418238803;0.00024945599404373056
233.91242874621503;0.0005488031868962407
234.11681985140933;-0.0009479327773663101
234.32122749490784;0.0007099901368937462
234.5256516736474;-0.0007176657059413023
234.73009238456478;0.0012626311083137648
234.93454962459694;0.0008942037940337524
235.13902339068068;0.0007330168440362469
235.34351367975282;-0.0007867458273688046
235.54802048875024;0.0005257764797537399
235.75254381460977;-0.0015236004559288296
235.95708365426827;-0.0026979625201963694
236.1616400046626;-0.002329535205916357
236.36621286272955;-0.0012242532630763194
236.57080222540606;-0.0007406924130838031
236.77540808962888;-0.002214401670203853
236.98003045233492;-0.001799920941638839
237.184669310461;-0.0009939861916513117
237.38932466094403;-0.0016387339916413336
237.59399650072075;0.0015159248868812736
237.7986848267281;-0.0006025321702287983
238.00338963590286;-0.0007637191202263038
238.20811092518193;-0.0009249060702238093
238.41284869150212;0.0005718298940387415
238.61760293180032;0.0009863106226037555
238.82237364301335;0.0007099901368937462
239.02716082207803;0.0021606726868712953
239.23196446593124;0.0017692186654487822
239.43678457150986;0.0016540851297362782
239.64162113575068;-3.837784523778054e-06
239.84647415559056;-0.001155173141648817
240.05134362796636;-0.0011321464345063162
240.25622954981495;-0.0022604550844888545
240.46113191807314;-0.0004643719273737937
240.66605072967778;-0.0029282295916213774
240.87098598156572;-0.001592680577356332
241.07593767067382;-0.00016502473452128353
241.28090579393893;-0.00016502473452128353
241.4858903482979;0.0006639367226087446
241.69089133068755;0.0005488031868962407
241.89590873804474;-0.0014084669202163256
242.10094256730633;0.0004336696511837368
242.30599281540918;0.0010553907440312578
242.5110594792901;0.0019534323225887883
242.71614255588597;0.0015850050083087758
242.9212420421336;0.00024945599404373056
243.12635793496986;-0.0006716122916563007
243.33149023133163;-0.000533452048801296
243.5366389281557;-0.0017768942344963381
243.74180402237894;0.0007330168440362469
243.94698551093822;0.0003185361154712329
244.15218339077035;-0.00014199802737878273
244.3573976588122;-0.002513748863056363
244.5626283120006;-0.002329535205916357
244.76787534727245;-0.0012933333845038218
244.97313876156454;0.002644233536863812
245.17841855181373;-0.001270306677361321
245.38371471495688;-0.00011897132023628196
245.58902724793083;-0.0015005737487863288
245.79435614767243;0.0011705242797437618
245.9997014111185;0.0009863106226037555
246.20506303520597;0.0024600198797238054
246.41044101687157;0.0004336696511837368
246.61583535305226;0.0020455391511587915
246.8212460406848;0.0011705242797437618
247.0266730767061;0.000617883308323743
247.23211645805296;0.00013432245833122663
247.43757618166228;0.0017692186654487822
247.64305224447085;0.0005488031868962407
247.84854464341555;0.0014928981797387728
248.05405337543323;-0.0007637191202263038
248.25957843746073;-0.00023410485594878587
248.4651198264349;-0.0009479327773663101
248.67067753929257;-0.00034923839166128975
248.8762515729706;-0.0008788526559388078
249.08184192440584;-0.0015005737487863288
249.28744859053515;-0.0014084669202163256
249.49307156829536;-0.0009479327773663101
249.69871085462333;0.0007330168440362469
249.9043664464559;0.0015389515940237744
250.11003834072991;-0.0007406924130838031
250.3157265343822;0.001469871472596272
250.52143102434965;8.826904404622507e-05
250.7271518075691;0.0006869634297512454
250.93288888097737;-0.00034923839166128975
251.13864224151135;0.003588328529706344
251.34441188610785;-0.0008327992416538062
251.55019781170373;0.0017231652511637806
251.75600001523583;-0.0011781998487913178
251.96181849364103;-3.837784523778054e-06
252.16765324385614;-0.0007867458273688046
252.37350426281802;-0.0009249060702238093
252.5793715474635;-0.0020762414273488485
252.78525509472945;-3.837784523778054e-06
252.99115490155273;-0.0023525619130588577
253.1970709648702;-0.00021107814880628507
253.40300328161862;-0.0010170128987938125
253.60895184873493;0.0007330168440362469
253.81491666315594;-0.0010860930202213149
254.02089772181847;0.0010784174511737586
254.22689502165946;0.0005948566011812422
254.43290855961564;1.9188922618722727e-05
254.63893833262395;-0.0004183185130887921
254.84498433762118;-0.0005104253416587952
255.05104657154422;-3.837784523778054e-06
255.25712503132988;0.0009863106226037555
255.46321971391504;0.00038761623689873524
255.66933061623652;0.0004566963583262376
255.87545773523118;-0.0010860930202213149
256.0816010678359;-0.0013393867987888234
256.28776061098745;-0.0016617606987838344
256.49393636162273;-0.0008097725345113054
256.70012831667856;-0.002859149470193875
256.90633647309187;-3.837784523778054e-06
257.11256082779937;-0.0021683482559188513
257.31880137773805;-0.0004643719273737937
257.52505811984463;0.0015389515940237744
257.7313310510561;-0.00011897132023628196
257.93762016830914;-0.0005795054630862976
258.1439254685407;0.0005027497726112391
258.35024694868764;-4.9891198808779613e-05
258.5565846056868;0.0009632839154612548
258.76293843647494;0.0006639367226087446
258.969308437989;0.000617883308323743
259.1756946071658;0.0015389515940237744
259.3820969409422;0.0007099901368937462
259.588515436255;0.001354737936883768
259.79495009004114;-0.0026288823987688672
260.0014008992374;-0.0001880514416637843
260.2078678607806;-0.0007867458273688046
260.41435097160763;-0.0008788526559388078
260.6208502286554;-0.0029973097130488796
260.8273656288606;-0.0009249060702238093
261.03389716916024;-0.0012242532630763194
261.2404448464911;-0.002099268134491349
261.44700865779;0.0004566963583262376
261.6535885999938;-0.0015696538702138312
261.8601846700393;0.00034156282261373365
262.0667968648635;0.00022642928690122977
262.2734251814031;0.000617883308323743
262.480069616595;-7.291790595128039e-05
262.6867301673761;0.0014468447654537712
262.89340683068315;0.00013432245833122663
263.1000996034531;0.0012856578154562656
263.30680848262267;0.0015159248868812736
263.51353346512883;-0.00034923839166128975
263.7202745479084;0.00022642928690122977
263.9270317278981;0.00034156282261373365
264.133805002035;0.0009172305011762532
264.3405943672558;-3.837784523778054e-06
264.54739982049733;-0.0006255588773712991
264.7542213586965;0.0005718298940387415
264.96105897879016;-0.0017768942344963381
265.1679126777151;-0.0007867458273688046
265.3747824524083;-0.0018690010630663413
265.58166829980644;-0.00048739863451629443
265.78857021684644;0.00034156282261373365
265.99548820046516;0.001147497572601261
266.20242224759943;-0.0009939861916513117
266.4093723551862;0.00022642928690122977
266.6163385201621;-0.00011897132023628196
266.8233207394642;-3.837784523778054e-06
267.03031901002913;0.0005027497726112391
267.2373333287939;0.0017231652511637806
267.44436369269533;-0.0026288823987688672
267.6514100986703;0.00022642928690122977
267.8584725436556;-0.0014314936273588264
268.065551024588;-0.001385440213073825
268.2726455384045;0.0005257764797537399
268.47975608204183;-0.0020532147202063475
268.6868826524369;-0.0018229476487813397
268.8940252465266;-0.00021107814880628507
269.1011838612477;-0.001155173141648817
269.30835849353707;-0.001270306677361321
269.51554914033153;0.0005257764797537399
269.72275579856796;-0.0004413452202312929
269.92997846518324;-0.0009479327773663101
270.1372171371142;-9.594461309378118e-05
270.3444718112976;-0.0015005737487863288
270.5517424846704;0.002068565858301292
270.7590291541694;0.0012396044011712642
270.96633181673144;0.00199948573687379
271.17365046929336;0.0011014441583162594
271.38098510879206;0.0034731949939938397
271.58833573216435;-0.00025713156309128667
271.79570233634706;0.0005488031868962407
272.00308491827707;-0.0018920277702088421
272.21048347489125;4.221562976122351e-05
272.4178980031264;-0.00034923839166128975
272.62532849991936;-0.0011781998487913178
272.83277496220705;-0.0032045500773313865
273.0402373869262;-0.0024216420344863603
273.24771577101376;-0.0006716122916563007
273.45521011140653;-0.00039529180594629135
273.6627204050414;-7.291790595128039e-05
273.87024664885513;0.00036458952975623445
274.07778883978466;-0.0016847874059263352
274.2853469747668;0.000617883308323743
274.49292105073846;0.0009172305011762532
274.7005110646363;0.0011935509868862626
274.90811701339743;0.001469871472596272
275.11573889395845;0.0005718298940387415
275.3233767032564;-0.0014084669202163256
275.531030438228;0.00013432245833122663
275.7387000958102;-0.002214401670203853
275.94638567293975;-0.0006485855845137999
276.15408716655355;-0.001270306677361321
276.3618045735884;0.0014928981797387728
276.5695378909812;-0.0003031849773762882
276.77728711566886;0.00020340257975872897
276.98505224458813;0.0017461919583062814
277.1928332746758;-0.0008788526559388078
277.40063020286885;8.826904404622507e-05
277.60844302610406;-0.0004413452202312929
277.8162717413183;0.0006409100154662438
278.0241163454484;0.00022642928690122977
278.2319768354313;0.0008020969654637493
278.43985320820366;0.000617883308323743
278.6477454607024;-0.00039529180594629135
278.8556535898645;0.0012626311083137648
279.06357759262664;-0.000326211684518789
279.2715174659258;0.000940257208318754
279.47947320669874;-0.000326211684518789
279.6874448118823;0.0002724827011862313
279.89543227841335;-0.0020532147202063475
280.1034356032288;-0.002030188013063847
280.3114547832654;-0.0006716122916563007
280.51948981546;-0.00011897132023628196
280.72754069674954;-0.0017768942344963381
280.93560742407084;-0.00037226509880379055
281.14368999436067;-0.0019611078916363443
281.351788404556;-0.0016847874059263352
281.5599026515935;-0.0013163600916463226
281.76803273241023;0.0016310584225937774
281.9761786439429;-0.0018690010630663413
282.18434038312836;0.0011935509868862626
282.39251794690347;-0.00039529180594629135
282.60071133220515;0.0016310584225937774
282.8089205359702;0.0008711770868912517
283.0171455551354;0.00024945599404373056
283.2253863866377;0.0002724827011862313
283.4336430274139;0.0015850050083087758
283.6419154744009;-0.0019380811844938437
283.8502037245354;0.0008942037940337524
284.0585077747544;-0.001385440213073825
284.2668276219947;-0.0004183185130887921
284.47516326319317;-0.0012933333845038218
284.6835146952866;-0.0026288823987688672
284.89188191521185;-0.0006716122916563007
285.10026491990584;0.0010784174511737586
285.3086637063053;-0.00016502473452128353
285.51707827134715;0.0004336696511837368
285.7255086119683;-0.0026058556916263662
285.9339547251054;-0.00023410485594878587
286.14241660769557;-0.0006716122916563007
286.3508942566754;0.002644233536863812
286.5593876689819;-0.0017768942344963381
286.7678968415519;0.0015850050083087758
286.9764217713221;0.0009863106226037555
287.1849624552296;0.0021146192725862937
287.393518890211;-0.00016502473452128353
287.6020910732033;0.0004566963583262376
287.81067900114334;-0.0005564787559437968
288.01928267096787;-0.0007406924130838031
288.22790207961384;-0.0007637191202263038
288.436537224018;-0.00037226509880379055
288.64518810111736;-0.0010170128987938125
288.8538547078486;-7.291790595128039e-05
289.06253704114863;-0.0012242532630763194
289.2712350979543;-0.0007637191202263038
289.47994887520247;-0.00048739863451629443
289.68867836983;0.0004566963583262376
289.8974235787736;-0.0006255588773712991
290.1061844989703;0.001147497572601261
290.31496112735687;0.0010093373297462562
290.5237534608702;0.0005257764797537399
290.73256149644703;-0.0008327992416538062
290.9413852310243;0.00034156282261373365
291.15022466153886;-0.000326211684518789
291.35907978492753;0.00020340257975872897
291.56795059812714;0.00047972306546873833
291.77683709807457;-9.594461309378118e-05
291.9857392817066;-0.0012012265559338186
292.19465714596026;0.00020340257975872897
292.4035906877722;-0.0015236004559288296
292.6125399040793;-0.0012242532630763194
292.8215047918185;-0.001155173141648817
293.0304853479266;-0.0009479327773663101
293.2394815693404;-0.0018459743559238405
293.4484934529968;-0.00048739863451629443
293.65752099583267;-0.0009018793630813085
293.8665641947848;-0.0004413452202312929
294.07562304679004;-0.0006946389987988015
294.2846975487853;-0.0003031849773762882
294.4937876977074;0.0007560435511787477
294.7028934904931;0.0018382987868762843
294.91201492407936;-0.00011897132023628196
295.121151995403;0.00022642928690122977
295.33030470140085;-0.00025713156309128667
295.53947303900975;0.0022758062225837995
295.7486570051666;-0.0009018793630813085
295.95785659680814;0.0005488031868962407
296.16707181087133;-0.0011781998487913178
296.376302644293;-0.00011897132023628196
296.58554909400993;-0.0018690010630663413
296.79481115695904;0.00015734916547372743
297.00408883007714;-0.0018690010630663413
297.21338211030104;-0.001385440213073825
297.4226909945677;-0.00037226509880379055
297.63201547981384;0.00020340257975872897
297.84135556297645;-0.0016157072844988328
298.05071124099226;-0.001799920941638839
298.26008251079816;-0.0001880514416637843
298.4694693693309;-0.0017768942344963381
298.6788718135275;0.0008251236726062501
298.8882898403247;-0.0002801582702337874
299.0977234466594;0.0008020969654637493
299.3071726294684;-0.0004183185130887921
299.51663738568857;0.0007560435511787477
299.7261177122568;0.0013317112297412672
299.9356136061098;0.0012856578154562656
300.1451250641846;-0.00037226509880379055
300.35465208341793;0.00013432245833122663
300.5641946607467;-0.0011321464345063162
300.77375279310763;-0.002237428377346354
300.98332647743774;0.0005257764797537399
301.1929157106738;-0.0008788526559388078
301.4025204897526;-7.291790595128039e-05
301.6121408116111;0.0005488031868962407
301.82177667318604;-0.0013624135059313242
302.0314280714143;-0.0008097725345113054
302.24109500323283;-0.00048739863451629443
302.4507774655783;0.0011244708654587602
302.66047545538777;0.0008942037940337524
302.8701889695979;0.0010093373297462562
303.0799180051456;0.0022758062225837995
303.28966255896773;-0.0007637191202263038
303.4994226280011;0.0025521267082938086
303.70919820918266;0.0008942037940337524
303.91898929944915;0.00038761623689873524
304.1287958957375;-0.0017538675273538373
304.3386179949845;-0.0005795054630862976
304.5484555941269;-3.837784523778054e-06
304.7583086901017;-0.0002801582702337874
304.9681772798458;-0.0004183185130887921
305.1780613602959;-0.001270306677361321
305.3879609283889;-0.0021913749630613523
305.59787598106163;-0.0021683482559188513
305.80780651525095;-0.0017078141130688358
306.0177525278938;0.0016080317154512766
306.22771401592684;-0.0014084669202163256
306.43769097628706;0.00022642928690122977
306.6476834059112;0.000617883308323743
306.8576913017363;0.0015159248868812736
307.0677146606989;0.0005257764797537399
307.2777534797362;0.0022527795154412985
307.4878077557848;0.0012396044011712642
307.69787748578165;0.0021606726868712953
307.90796266666354;-0.00048739863451629443
308.1180632953674;-7.291790595128039e-05
308.32817936883;-0.0012012265559338186
308.5383108839882;-0.0010400396059363133
308.7484578377788;-0.002099268134491349
308.9586202271388;-0.0019611078916363443
309.1687980490049;-7.291790595128039e-05
309.37899130031406;0.0005027497726112391
309.589199978003;-0.003158496663046385
309.7994240790087;0.0005257764797537399
310.00966360026797;-0.0013163600916463226
310.2199185387176;0.0007790702583212485
310.43018889129445;-0.00048739863451629443
310.64047465493536;0.00034156282261373365
310.8507758265773;-0.0005104253416587952
311.061092403157;0.00022642928690122977
311.27142438161127;-0.00011897132023628196
311.481771758877;0.0014928981797387728
311.69213453189116;0.0011014441583162594
311.90251269759045;0.00034156282261373365
312.1129062529118;0.0005257764797537399
312.3233151947919;-0.0003031849773762882
312.53373952016784;-0.0005795054630862976
312.74417922597627;-0.0013393867987888234
312.9546343091542;-0.0012012265559338186
313.1651047666383;-0.0004183185130887921
313.37559059536557;-0.0018690010630663413
313.5860917922727;-0.0008097725345113054
313.7966083542967;-0.0017538675273538373
314.0071402783744;0.0002955094083287321
314.2176875614425;-0.0007176657059413023
314.428250200438;0.00047972306546873833
314.6388281922977;-3.837784523778054e-06
314.84942153395843;0.002091592565443793
315.06003022235706;-3.837784523778054e-06
315.2706542544304;0.0005718298940387415
315.4812936271153;0.0002724827011862313
315.69194833734866;0.0020455391511587915
315.9026183820673;0.0001803758726162282
316.1133037582081;0.00013432245833122663
316.3240044627078;-0.000855825948796307
316.53472049250337;-9.594461309378118e-05
316.7454518445316;-0.0016157072844988328
316.9561985157294;1.9188922618722727e-05
317.16696050303347;-0.0011091197273638157
317.3777378033808;-0.0010400396059363133
317.58853041370816;0.0009632839154612548
317.7993383309524;-0.0001880514416637843
318.0101615520505;0.0004566963583262376
318.22100007393914;0.001147497572601261
318.4318538935552;-0.0019841345987788453
318.64272300783557;-0.0014545203345013272
318.8536074137171;0.0004566963583262376
319.06450710813664;-9.594461309378118e-05
319.275422088031;-2.6864491666278836e-05
319.4863523503371;0.0024600198797238054
319.69729789199164;-0.00011897132023628196
319.9082587099316;-0.00025713156309128667
320.1192348010938;0.0005488031868962407
320.3302261624151;0.0014007913511687696
320.5412327908323;-0.0027670426416238716
320.7522546832822;0.0011705242797437618
320.96329183670184;-0.002674935813053869
321.17434424802786;-0.0010860930202213149
321.3854119141972;0.00011129575118872586
321.5964948321468;-3.837784523778054e-06
321.80759299881333;-0.0009018793630813085
322.01870641113373;-0.00025713156309128667
322.2298350660448;0.00013432245833122663
322.44097896048345;0.0005027497726112391
322.6521380913865;0.0007790702583212485
322.86331245569085;-0.0012012265559338186
323.07450205033325;-0.0007867458273688046
323.28570687225056;0.002229752808298798
323.4969269183797;-0.0024907221559138625
323.7081621856575;0.0003185361154712329
323.9194126710207;1.9188922618722727e-05
324.13067837140636;0.000410642944041236
324.3419592837511;0.000410642944041236
324.5532554049919;0.0019764590297312893
324.7645667320656;-0.0020532147202063475
324.975893261909;-0.0027670426416238716
325.1872349914589;-0.000533452048801296
325.3985919176523;-0.00039529180594629135
325.60996403742604;-7.291790595128039e-05
325.8213513477168;-0.0008097725345113054
326.0327538454615;-0.001915054477351343
326.244171527597;0.0029666074368588226
326.4556043910602;-9.594461309378118e-05
326.66705243278795;0.00671996070108645
326.878515649717;-0.0010860930202213149
327.08999403878425;0.00034156282261373365
327.30148759692656;0.0010553907440312578
327.5129963210808;0.002529100001151308
327.72452020818366;0.0011705242797437618
327.93605925517215;-0.0001880514416637843
328.1476134589832;-0.0009479327773663101
328.3591828165534;0.00013432245833122663
328.57076732481977;-0.0006716122916563007
328.78236698071913;0.0005488031868962407
328.9939817811883;-0.00048739863451629443
329.20561172316417;-0.0004413452202312929
329.41725680358354;-0.0026979625201963694
329.6289170193833;-0.0014084669202163256
329.8405923675003;-0.0012472799702188202
330.05228284487134;-0.002237428377346354
330.2639884484333;-0.0005104253416587952
330.475709175123;0.0005718298940387415
330.68744502187724;-0.0018229476487813397
330.899195985633;-0.0019611078916363443
331.1109620633271;-0.00011897132023628196
331.3227432518963;0.001032364036888757
331.53453954827756;0.0012856578154562656
331.74635094940766;0.0004336696511837368
331.95817745222337;-0.00037226509880379055
332.1700190536617;-0.00025713156309128667
332.3818757506594;0.0023448863440113017
332.59374754015334;0.0007560435511787477
332.8056344190803;0.001354737936883768
333.01753638437725;-0.0006025321702287983
333.22945343298096;-0.0015696538702138312
333.44138556182827;-0.0010400396059363133
333.6533327678561;-0.0023525619130588577
333.86529504800126;-0.00023410485594878587
334.0772723992006;-0.003365737027328892
334.2892648183909;-0.0015696538702138312
334.50127230250905;-0.0009479327773663101
334.71329484849196;-0.001799920941638839
334.92533245327644;-0.0011781998487913178
335.13738511379927;0.0015850050083087758
335.34945282699744;0.0011014441583162594
335.56153558980765;0.002575153415436309
335.77363339916684;0.0016540851297362782
335.9857462520118;0.0012165776940287634
336.1978741452794;0.0005027497726112391
336.41001707590647;0.0020225124440162905
336.6221750408299;0.0001803758726162282
336.83434803698657;0.00038761623689873524
337.04653606131325;-0.00023410485594878587
337.2587391107468;-0.0005564787559437968
337.4709571822241;-0.0012472799702188202
337.68319027268194;-0.0007176657059413023
337.89543837905717;-0.002306508498773856
338.1077014982867;-0.00014199802737878273
338.3199796273074;-0.0015005737487863288
338.5322727630561;-0.0012933333845038218
338.7445809024695;-0.0005564787559437968
338.95690404248467;-0.00037226509880379055
339.1692421800383;0.0002955094083287321
339.38159531206725;0.0011705242797437618
339.59396343550844;-0.00011897132023628196
339.80634654729863;-0.00014199802737878273
340.0187446443748;0.00022642928690122977
340.23115772367373;0.0017001385440212798
340.44358578213223;0.0006639367226087446
340.6560288166871;-0.00011897132023628196
340.86848682427535;0.00047972306546873833
341.0809598018337;-0.0004413452202312929
341.2934477462991;-0.0006025321702287983
341.5059506546082;-0.00021107814880628507
341.7184685236981;-0.0011091197273638157
341.93100135050554;-0.0012933333845038218
342.14354913196723;-0.0006946389987988015
342.35611186502024;-0.0018690010630663413
342.5686895466013;-0.002306508498773856
342.7812821736473;0.0005257764797537399
342.99388974309505;-0.0007176657059413023
343.2065122518814;0.0008481503797487509
343.41914969694324;-0.0005795054630862976
343.63180207521737;-0.00039529180594629135
343.84446938364067;0.00036458952975623445
344.05715161915;0.0005027497726112391
344.2698487786821;0.00015734916547372743
344.482560859174;0.0028975273154313204
344.69528785756233;0.001147497572601261
344.9080297707841;-2.6864491666278836e-05
345.12078659577617;-0.0002801582702337874
345.3335583294753;0.0008711770868912517
345.5463449688183;-0.0010170128987938125
345.75914651074214;-7.291790595128039e-05
345.9719629521836;-0.00025713156309128667
346.1847942900796;-0.0005564787559437968
346.39764052136684;-0.0023525619130588577
346.6105016429823;0.0008481503797487509
346.82337765186276;-0.001155173141648817
347.0362685449452;0.0012165776940287634
347.24917431916623;-0.0010400396059363133
347.4620949714629;-0.0003031849773762882
347.6750304987719;0.00024945599404373056
347.88798089803015;0.0012856578154562656
348.1009461661746;-0.0005104253416587952
348.31392630014193;0.0008020969654637493
348.52692129686915;0.0012396044011712642
348.739931153293;0.0011705242797437618
348.9529558663503;0.00013432245833122663
349.165995432978;0.0017692186654487822
349.3790498501128;0.0014238180583112704
349.59211911469174;0.002091592565443793
349.8052032236515;-0.0006025321702287983
350.01830217392904;-0.001385440213073825
350.23141596246114;-0.002329535205916357
350.4445445861847;-0.0012242532630763194
350.6576880420365;-0.003273630198758889
350.8708463269535;-0.0008327992416538062
351.08401943787237;-0.0016157072844988328
351.2972073717301;0.0040718893796988604
351.5104101254635;0.00036458952975623445
351.72362769600943;0.0010784174511737586
351.93686008030477;0.0009632839154612548
352.15010727528625;0.0007560435511787477
352.3633692778908;0.001469871472596272
352.57664608505524;0.0012165776940287634
352.7899376937165;-0.0009709594845088109
353.00324410081134;0.0012165776940287634
353.21656530327664;-0.0019841345987788453
353.4299012980492;0.003588328529706344
353.6432520820659;-0.00014199802737878273
353.8566176522636;-0.0005564787559437968
354.0699980055791;-0.0019380811844938437
354.28339313894935;-0.0007867458273688046
354.49680304931115;-0.00016502473452128353
354.7102277336013;6.524233690372429e-05
354.92366718875667;-0.0013163600916463226
355.13712141171413;0.0004336696511837368
355.3505903994105;-0.002099268134491349
355.56407414878277;-0.00011897132023628196
355.77757265676746;0.0004566963583262376
355.99108592030177;-0.0009939861916513117
356.2046139363223;-0.0004413452202312929
356.41815670176607;0.0001803758726162282
356.6317142135698;-2.6864491666278836e-05
356.8452864686704;0.0011935509868862626
357.0588734640047;0.00036458952975623445
357.2724751965095;0.0019764590297312893
357.4860916631218;0.001147497572601261
357.6997228607783;0.0019764590297312893
357.91336878641584;-0.0011091197273638157
358.12702943697144;0.002644233536863812
358.3407048093818;-0.0029282295916213774
358.5543949005837;-0.0016847874059263352
358.76809970751424;-0.0018920277702088421
358.98181922711;-0.0004643719273737937
359.19555345630795;-0.0018690010630663413
359.409302392045;-0.0007867458273688046
359.62306603125785;-0.0024216420344863603
359.83684437088345;0.00038761623689873524
360.05063740785863;0.00047972306546873833
360.26444513912026;0.0019304056154462875
360.4782675616051;0.0015159248868812736
360.6921046722501;0.0012396044011712642
360.90595646799204;-0.0006946389987988015
361.11982294576774;0.002621206829721311
361.33370410251416;0.0018152720797337837
361.5475999351681;0.0026672602440063124
361.76151044066637;-0.0003031849773762882
361.9754356159458;0.0006409100154662438
362.18937545794336;-0.0015696538702138312
362.40332996359575;-0.0018459743559238405
362.6172991298399;-0.0014084669202163256
362.83128295361263;0.0007330168440362469
363.0452814318508;-0.0016617606987838344
363.2592945614913;-0.0017768942344963381
363.4733223394709;-0.0009018793630813085
363.6873647627264;-0.00037226509880379055
363.9014218281948;-0.0012012265559338186
364.11549353281293;-0.00016502473452128353
364.3295798735175;-0.001477547041643828
364.54368084724547;-0.00037226509880379055
364.75779645093365;-0.0012242532630763194
364.9719266815189;0.0012165776940287634
365.1860715359381;-0.00014199802737878273
365.40023101112797;0.0025521267082938086
365.61440510402554;0.0015850050083087758
365.82859381156754;0.003035687558286325
366.0427971306908;-3.837784523778054e-06
366.2570150583323;0.00013432245833122663
366.4712475914287;0.0005027497726112391
366.685494726917;0.00024945599404373056
366.899756461734;-0.0015236004559288296
367.11403279281654;0.0004336696511837368
367.32832371710145;-0.0004643719273737937
367.5426292315256;0.001469871472596272
367.7569493330259;-0.0006485855845137999
367.971284018539;0.00034156282261373365
368.1856332850019;0.00022642928690122977
368.3999971293515;0.000410642944041236
368.61437554852455;0.002206726101156297
368.82876853945794;0.0011014441583162594
369.04317609908844;0.00047972306546873833
369.25759822435305;0.000617883308323743
369.47203491218846;-0.0006255588773712991
369.68648615953157;0.002206726101156297
369.9009519633193;0.0005027497726112391
370.11543232048837;0.0028975273154313204
370.32992722797576;0.0006639367226087446
370.5444366827182;0.0006639367226087446
370.75896068165264;6.524233690372429e-05
370.97349922171577;0.00015734916547372743
371.1880522998447;-0.001385440213073825
371.402619912976;-0.000855825948796307
371.6172020580467;-3.837784523778054e-06
371.83179873199356;-0.0011781998487913178
372.0464099317535;-0.0007176657059413023
372.26103565426325;1.9188922618722727e-05
372.47567589645973;-0.0006716122916563007
372.69033065527987;-0.00039529180594629135
372.90499992766036;-0.0008788526559388078
373.1196837105382;-0.00011897132023628196
373.3343820008501;0.0008711770868912517
373.54909479553294;-0.0005104253416587952
373.76382209152365;0.0015850050083087758
373.97856388575906;0.0013086845225987664
374.1933201751759;-0.0007406924130838031
374.40809095671113;0.0011705242797437618
374.6228762273016;0.0002955094083287321
374.8376759838841;0.000617883308323743
375.05249022339547;-0.0002801582702337874
375.2673189427726;0.00034156282261373365
375.4821621389524;-0.0012472799702188202
375.6970198088716;0.0005718298940387415
375.91189194946696;-0.0009479327773663101
376.1267785576756;-0.0006716122916563007
376.3416796304342;0.0010784174511737586
376.5565951646796;0.0019304056154462875
376.7715251573487;-0.0001880514416637843
376.9864696053784;0.0009863106226037555
377.20142850570545;0.0010784174511737586
377.4164018552667;0.0023909397582963033
377.631389650999;0.0027823937797188166
377.8463918898392;0.0021146192725862937
378.06140856872423;0.0024830465868663065
378.27643968459085;0.0031968745082838305
378.49148523437594;-9.594461309378118e-05
378.7065452150163;0.0008942037940337524
378.92161962344886;-4.9891198808779613e-05
379.13670845661045;-0.00048739863451629443
379.35181171143785;-0.001270306677361321
379.566929384868;0.0008711770868912517
379.7820614738376;-0.0007406924130838031
379.99720797528363;0.0016310584225937774
380.21236888614294;-0.00016502473452128353
380.42754420335234;0.0033120080439963343
380.6427339238486;0.00022642928690122977
380.85793804456875;0.0013086845225987664
381.0731565624495;0.00022642928690122977
381.28838947442773;0.001884352201161286
381.50363677744025;0.0002724827011862313
381.71889846842396;0.0031277943868563284
381.93417454431574;-0.00023410485594878587
382.14946500205235;0.0025981801225788102
382.3647698385707;0.0012856578154562656
382.5800890508076;-0.0005795054630862976
382.7954226356999;0.002713313658291314
383.01077059018445;0.0022988329297263
383.2261329111982;-0.0008788526559388078
383.44150959567776;0.0011705242797437618
383.65690064056025;-0.0016617606987838344
383.8723060427823;-0.00016502473452128353
384.0877257992809;1.9188922618722727e-05
384.30315990699285;-4.9891198808779613e-05
384.51860836285505;0.0007099901368937462
384.7340711638042;0.0008942037940337524
384.9495483067773;-0.0006025321702287983
385.16503978871106;0.0009863106226037555
385.38054560654246;0.0024600198797238054
385.59606575720824;0.0019764590297312893
385.81160023764534;4.221562976122351e-05
386.0271490447906;0.0033120080439963343
386.2427121755808;0.001792245372591283
386.4582896269528;0.0019073789083037867
386.6738813958435;0.0014928981797387728
386.8894874791897;0.002529100001151308
387.10510787392826;0.002621206829721311
387.32074257699605;0.00036458952975623445
387.5363915853299;0.0007099901368937462
387.75205489586665;0.0040718893796988604
387.96773250554315;-0.0010400396059363133
388.1834244112963;-0.000533452048801296
388.39913061006285;-3.837784523778054e-06
388.6148510987797;0.0030817409725713268
388.8305858743837;0.002943580729716322
389.0463349338117;0.0030587142654288258
389.26209827400055;1.9188922618722727e-05
389.47787589188704;0.005683758879673915
389.69366778440815;0.002621206829721311
389.9094739485006;0.0034041148725663375
390.12529438110124;0.004417289986836372
390.341129079147;0.003933729136843855
390.5569780395747;0.003680435358276347
390.7728412593211;0.006052186193953928
390.98871873532323;0.0032659546297113327
391.20461046451777;0.00199948573687379
391.4205164438416;0.004187022915411364
391.63643667023166;0.0031968745082838305
391.85237114062465;0.0018613254940187851
392.06831985195754;-0.0002801582702337874
392.28428280116714;0.0011935509868862626
392.5002599851903;0.0014468447654537712
392.71625140096387;-0.0016617606987838344
392.93225704542465;0.003035687558286325
393.1482769155096;0.00024945599404373056
393.3643110081554;0.002851473901146319
393.58035932029907;0.0031968745082838305
393.79642184887734;0.004555450229691377
394.01249859082714;0.0017231652511637806
394.2285895430852;0.004808744008258885
394.44469470258844;0.004094916086841361
394.6608140662738;0.004670583765403881
394.876947631078;0.005729812293958916
395.0930953939379;0.0077101091082139835
395.3092573517904;0.005407438393963905
395.52543350157225;0.0038416223082738525
395.7416238402204;0.008377883615346506
395.95782836467174;0.0012626311083137648
396.174047071863;0.0006639367226087446
396.39027995873107;-0.0013624135059313242
396.60652702221273;0.00013432245833122663
396.82278825924493;0.0012856578154562656
397.03906366676455;0.0023909397582963033
397.25535324170835;0.004601503643976378
397.4716569810131;0.005108091201111395
397.6879748816159;0.0067890408225139524
397.90430694045335;0.005292304858251402
398.1206531544624;0.006397586801091439
398.33701352057983;0.007456815329646475
398.5533880357426;0.006696933993943949
398.76977669688756;0.009598299093899048
398.98617950095144;0.009897646286751558
399.2025964448711;0.00996672640817906
399.41902752558354;0.009275925193904036
399.6354727400254;0.007111414722508963
399.85193208513374;0.009828566165324055
400.06840555784527;0.008262750079634002
400.2848931550968;0.00876933763676902
400.50139487382535;0.008285776786776503
400.71791071096754;0.01084174127959409
400.93444066346046;0.006627853872516447
401.15098472824076;0.012568744315281648
401.36754290224536;0.00849301715105901
401.58411518241115;0.012384530658141641
401.8007015656749;0.011509515786726612
402.01730204897353;0.012660851143851652
402.2339166292438;0.00966737921532655
402.4505453034227;0.012845064800991658
402.66718806844693;0.011670702736724117
402.8838449212534;0.01144043566529911
403.100515858779;0.01056542079388408
403.31720087796043;0.011693729443866619
403.5338999757347;0.012683877850994152
403.7506131490386;0.009805539458181555
403.967340394809;0.009644352508184049
404.1840817099827;0.00992067299389406
404.40083709149656;0.011279248715301605
404.61760653628744;0.009229871779619035
404.8343900412922;0.010496340672456578
405.0511876034477;0.009114738243906531
405.26799921969075;0.012269397122429138
405.4848248869581;0.01171675615100912
405.70166460218684;0.009874619579609056
405.91851836231365;0.01058844750102658
406.13538616427536;0.01261479772956665
406.3522680050089;0.013397705772411677
406.5691638814511;0.015055628686671733
406.7860737905388;0.010749634451024087
407.0029977292088;0.01233847724385664
407.21993569439803;0.011831889686721624
407.43688768304327;0.01291414492241916
407.6538536920814;0.01348981260098168
407.87083371844926;0.012868091508134158
408.08782775908367;0.01583853672951676
408.30483581092153;0.015493136122379248
408.5218578708997;0.014019426865259197
408.73889393595493;0.01581551002237426
408.9559440030242;0.013167438700986668
409.17300806904416;0.01203913005100413
409.3900861309519;0.009736459336754053
409.6071781856841;0.010726607743881586
409.82428423017774;0.01141740895815661
410.0414042613695;0.013766133086691688
410.2585382761963;0.015124708808099236
410.4756862715951;0.015078655393814233
410.69284824450256;0.014595094543821718
410.91002419185565;0.01908530243660937
411.1272141105912;0.01731224598663681
411.344417997646;0.020190584379449407
411.56163584995693;0.01763461988663182
411.7788676644609;0.01731224598663681
411.9961134380947;0.01855568817233185
412.2133731677952;0.01581551002237426
412.4306468504992;0.017519486350919315
412.64793448314356;0.015378002586666743
412.86523606266513;0.015769456608089257
413.0825515860008;0.016322097579509275
413.29988105008744;0.01616091062951177
413.5172244518618;0.01784186025091433
413.73458178826075;0.015101682100956734
413.9519530562212;0.017473432936634316
414.16933825267995;0.01878595524375686
414.38673737457384;0.015677349779519255
414.60415041883977;0.01798002049376933
414.82157738241455;0.018647795000901853
415.039018262235;0.01848660805090435
415.256473055238;0.017887913665199328
415.4739417583604;0.021986667536564468
415.69142436853906;0.02175640046513946
415.90892088271085;0.020443878158016914
416.1264312978125;0.020789278765154427
416.343955610781;0.020904412300866933
416.5614938185531;0.017749753422344323
416.77904591806566;0.015331949172381742
416.99661190625557;0.015447082708094246
417.21419178005965;0.01844055463661935
417.4317855364148;0.016644471479504288
417.64939317225776;0.017450406229491813
417.8670146845255;0.01731224598663681
418.08465007015474;0.01733527269377931
418.30229932608245;0.018095154029481836
418.5199624492454;0.019545836579459384
418.7376394365805;0.021572186807999452
418.95533028502444;0.020305717915161912
419.17303499151427;0.01968399682231439
419.3907535529868;0.016943818672356798
419.6084859663787;0.01857871487947435
419.826232228627;0.015907616850944262
420.0439923366685;0.0199603173080244
420.2617662874401;0.020904412300866933
420.47955407787856;0.019614916700886886
420.6973557049207;0.0200524241365944
420.91517116550347;0.0199603173080244
421.13300045656365;0.019016222315181866
421.35084357503814;0.021641266929426955
421.56870051786376;0.018371474515191846
421.78657128197733;0.018072127322339336
422.00445586431573;0.015930643558086762
422.2223542618158;0.01798002049376933
422.44026647141436;0.021341919736574445
422.65819249004835;0.020328744622304412
422.8761323146545;0.01908530243660937
423.0940859421697;0.02025966450087691
423.3120533695309;0.01887806207232686
423.5300345936748;0.022216934607989475
423.7480296115383;0.03842773643631003
423.9660384200582;0.02346037679368452
424.1840610161714;0.021825480586566963
424.40209739681484;0.022792602286551996
424.6201475589253;0.01903924902232437
424.83821149943947;0.02023663779373441
425.0562892152944;0.020628091815156922
425.27438070342686;0.01846358134376185
425.4924859607737;0.0199372906008819
425.71060498427175;0.022147854486561973
425.9287377708579;0.019499783165174384
426.14688431746896;0.024519605322239554
426.36504462104176;0.01943070304374688
426.5832186785133;0.01917740926517937
426.8014064868202;0.017749753422344323
427.01960804289945;0.021894560707994466
427.23782334368786;0.020121504258021904
427.45605238612234;0.025026192879374572
427.6742951671396;0.023114976186547006
427.89255168367663;0.023114976186547006
428.1108219326701;0.020651118522299422
428.32910591105707;0.020697171936584425
428.54740361577433;0.01873990182947186
428.76571504375863;0.01876292853661436
428.98404019194686;0.020720198643726925
429.20237905727583;0.018026073908054333
429.42073163668255;0.01523984234381174
429.63909792710376;0.016276044165224275
429.85747792547625;0.013351652358126674
430.0758716287369;0.013512839308124181
430.2942790338226;0.010979901522449095
430.5127001376702;0.014065480279544199
430.73113493721655;0.01850963475804685
430.94958342939844;0.021341919736574445
431.1680456111527;0.02615450152935711
431.3865214794163;0.028710466022174697
431.60501103112597;0.025693967386507095
431.8235142632186;0.024312364957957047
432.04203117263114;0.023621563743682024
432.26056175630026;0.02470381897937956
432.47910601116286;0.025141326415087074
432.6976639341558;0.028342038707894684
432.916235522216;0.025647913972222092
433.13482077228025;0.024795925807949565
433.3534196812854;0.01798002049376933
433.57203224616825;0.021549160100856952
433.7906584638657;0.01876292853661436
434.00929833131465;0.022769575579409493
434.2279518454518;0.02758215737219216
434.4466190032141;0.02677622262220463
434.6652998015385;0.026661089086492125
434.88399423736155;0.0288946796793147
435.10270230762035;0.024197231422244544
435.3214240092517;0.028986786507884707
435.5401593391924;0.02728281017933965
435.75890829437935;0.03324672732924735
435.97767087174935;0.0319111783149823
436.19644706823925;0.03204933855783731
436.4152368807859;0.03444411610065739
436.6340403063262;0.030828923079284767
436.85285734179695;0.02949337406501972
437.071687984135;0.027144649936484643
437.29053223027717;0.027628210786477158
437.50939007716033;0.030782869664999768
437.7282615217214;0.024865005929377064
437.9471465608971;0.02380577740082203
438.16604519162445;0.023437350086542016
438.38495741084006;0.024795925807949565
438.603883215481;0.025970287872217102
438.82282260248394;0.030345362229292253
439.04177556878585;0.02937824052930722
439.26074211132357;0.030368388936434752
439.4797222270339;0.03092102990785477
439.69871591285374;0.02797361139361467
439.91772316571985;0.03002298832929724
440.13674398256916;0.031243403807849783
440.3557783603385;0.0316578845364148
440.5748262959646;0.03414476890780488
440.7938877863845;0.033338834157817354
441.012962828535;0.0319111783149823
441.2320514193529;0.036125065722059944
441.451153555775;0.03446714280779989
441.67026923473827;0.030851949786427267
441.8893984531794;0.035180970729217415
442.1085412080354;0.034259902443517384
442.327697496243;0.032763166479254834
442.54686731473913;0.03531913097207242
442.76605066046056;0.03264803294354233
442.9852475303443;0.03313159379353484
443.20445792132693;0.033684234764954864
443.42368183034546;0.035756638407779935
443.6429192543368;0.03566453157920993
443.86217019023763;0.035779665114922435
444.081434634985;0.03647046632919746
444.3007125855155;0.037230347664899986
444.5200040387663;0.03948696496486506
444.73930899167397;0.035802691822064935
444.9586274411754;0.034213849029232385
445.1779593842076;0.03147367087927479
445.3973048177072;0.0319342050221248
445.61666373861124;0.03326975403638985
445.83603614385646;0.03354607452209986
446.05542203037976;0.034835570122079905
446.27482139511795;0.034536222929227395
446.49423423500787;0.035802691822064935
446.71366054698643;0.03925669789344005
446.93310032799036;0.03796720229346001
447.15255357495664;0.03653954645062496
447.3720202848221;0.0346743831720824
447.5915004545235;0.037736935222035
447.8109940809977;0.03796720229346001
448.03050116118163;0.03948696496486506
448.25002169201207;0.03826654948631252
448.46955567042596;0.041559368607690134
448.68910309336;0.037898122172032506
448.9086639577511;0.03944091155058006
449.12823826053614;0.03870405692202004
449.34782599865196;0.03828957619345502
449.5674271690354;0.0405692202005626
449.78704176862334;0.044299546757647724
450.00666979435255;0.04100672763627011
450.2263112431599;0.04296399774338268
450.4459661119823;0.04109883446484012
450.6656343977565;0.042135036286252654
450.8853160974194;0.04388506602908271
451.10501120790786;0.043401505179090194
451.3247197261587;0.04036197983628009
451.5444416491089;0.04252649030767516
451.76417697369504;0.04301005115766768
451.98392569685427;0.04114488787912512
452.20368781552315;0.04128304812198012
452.42346332663874;0.038151415950600016
452.64325222713774;0.03734548120061249
452.8630545139572;0.03994749910771508
453.0828701840337;0.04006263264342758
453.3026992343043;0.043723879079085204
453.52254166170576;0.04252649030767516
453.74239746317494;0.04038500654342259
453.9622666356487;0.04294097103624018
454.18214917606383;0.04132910153626512
454.4020450813572;0.04201990275054015
454.6219543484658;0.041236994707695124
454.84187697432617;0.04022381959342509
455.06181295587555;0.03950999167200756
455.28176229005044;0.044644947364785234
455.5017249737879;0.04473705419335524
455.7217010040247;0.04501337467906525
455.9416903776977;0.045427855407630266
456.1616930917437;0.043746905786227704
456.38170914309967;0.047615392586167836
456.6017385287023;0.04501337467906525
456.8217812454885;0.04812198014330286
457.04183729039516;0.04441468029336023
457.26190666035916;0.046141683329047785
457.4819893523172;0.04623379015761779
457.70208536320627;0.044944294557637744
457.92219468996313;0.0436087455433727
458.14231732952476;0.046348923693330296
458.36245327882773;0.04386203932194021
458.5826025348092;0.044299546757647724
458.8027650944059;0.045151534921920256
459.02294095455454;0.04381598590765521
459.24313011219226;0.046118656621905285
459.46333256425555;0.04473705419335524
459.6835483076816;0.044046252979080214
459.90377733940704;0.046049576500477786
460.1240196563688;0.04750025905045533
460.3442752555036;0.04782263295045035
460.56454413374854;0.04878975465043538
460.7848262880402;0.04860554099329537
461.00512171531557;0.04980292976470541
461.2254304125115;0.04839830062901286
461.4457523765649;0.04805290002187535
461.6660876044124;0.05053978439326544
461.88643609299106;0.04890488818614788
462.10679783923763;0.04715485844331782
462.3271728400889;0.04998714342184542
462.54756109248194;0.04768447270759534
462.76796259335333;0.04872067452900788
462.9883773396401;0.0465791907647553
463.208805328279;0.047569339171882837
463.429246556207;0.045128508214777756
463.6497010203607;0.04902002172186039
463.8701687176772;0.04598049637905028
464.0906496450932;0.04888186147900538
464.3111437995457;0.045197588336205255
464.5316511779714;0.04869764782186537
464.75217177730724;0.045819309429052775
464.97270559449;0.04832922050758536
465.19325262645646;0.04971082293613541
465.4138128701436;0.05104637195040045
465.63438632248835;0.04980292976470541
465.8549729804273;0.04805290002187535
466.0755728408975;0.04740815222188533
466.29618590083567;0.04874370123615038
466.51681215717883;0.04505942809335025
466.7374516068636;0.05173717316467548
466.958104246827;0.04842132733615537
467.1787700740058;0.04812198014330286
467.39944908533687;0.047592365879025336
467.62014127775717;0.04777657953616534
467.8408466482033;0.05049373097898043
468.0615651936123;0.05026346390755543
468.2822969109209;0.04782263295045035
468.503041797066;0.05136874585039546
468.7237998489845;0.0493654223289979
468.94457106361324;0.05053978439326544
469.16535543788893;0.04927331550042789
469.38615296874855;0.048513434164725366
469.606963653129;0.046072603207620286
469.82778748796693;0.04862856770043787
470.04862447019934;0.05056281110040794
470.2694745967631;0.04920423537900039
470.49033786459484;0.04835224721472786
470.7112142706317;0.04807592672901785
470.9321038118104;0.04904304842900289
471.15300648506775;0.04888186147900538
471.3739222873405;0.052474027793235505
471.59485121556577;0.051921386821815484
471.8157932666802;0.05652672825031564
472.03674843762076;0.05362536315036054
472.25771672532414;0.04878975465043538
472.4786981267273;0.054270110950350565
472.69969263876715;0.05077005146469044
472.9207002583804;0.05037859744326793
473.141720982504;0.05030951732184043
473.36275480807467;0.053993790464640555
473.58380173202943;0.055237232650335595
473.8048617513049;0.0553293394789056
474.0259348628382;0.053970763757498055
474.24702106356597;0.056434621421745636
474.46812035042524;0.056780022028883145
474.6892327203526;0.05300364205751302
474.9103581702851;0.05318785571465302
475.1314966971596;0.0553523661860481
475.3526482979129;0.05417800412178056
475.57381296948165;0.05203652035752799
475.79499070880297;0.05215165389324049
476.01618151281366;0.05325693583608053
476.23738537845054;0.05295758864322802
476.4586023026503;0.05413195070749556
476.67983228235005;0.0584149182360007
476.90107531448643;0.055237232650335595
477.1223313959965;0.05657278166460064
477.3436005238169;0.05756293007172818
477.56488269488455;0.05977349395740825
477.78617790613634;0.06014192127168826
478.007486154509;0.057954384093150686
478.2288074369395;0.05905966603599073
478.45014175036465;0.05779319714315318
478.67148909172136;0.057977410800293186
478.89284945794634;0.0582997847002882
479.11422284597654;0.0583228114074307
479.33560925274867;0.058875452378850716
479.55700867519977;0.05952020017884074
479.77842111026666;0.05991165420026325
479.99984655488606;0.05689515556459565
480.2212850059949;0.05629646117889063
480.44273646053;0.060395215050255774
480.6642009154283;0.05915177286456073
480.8856783676265;0.06030310822168577
481.10716881406154;0.05915177286456073
481.32867225167024;0.06327355344306837
481.55018867738943;0.060993909435960794
481.77171808815604;0.06094785602167579
481.99326048090677;0.060395215050255774
482.21481585257857;0.061638657235950814
482.43638420010836;0.05869123872171071
482.65796552043287;0.06203011125737332
482.8795598104889;0.062490645400223345
483.1011670672134;0.06106298955738829
483.3227872875433;0.05924387969313073
483.5444204684153;0.056066194107465626
483.76606660676623;0.06154655040738081
483.98772569953303;0.062214324914513335
484.2093977436525;0.05774714372886818
484.4310827360615;0.06173076406452081
484.65278067369684;0.057655036900298176
484.87449155349543;0.05945112005741324
485.0962153723941;0.05440827119320557
485.3179521273297;0.05044767756469543
485.53970181523914;0.04745420563617033
485.76146443305913;0.04828316709330036
485.9832399777265;0.05332601595750803
486.2050284461783;0.0525661346218055
486.4268298353512;0.05302666876465552
486.6486441421822;0.05334904266465053
486.870471363608;0.05652672825031564
487.09231149656546;0.05912874615741823
487.3141645379915;0.05804649092172069
487.53603048482285;0.05998073432169076
487.7579093339965;0.057010289100308156
487.9798010824493;0.05728660958601817
488.201705727118;0.057033315807450656
488.4236232649396;0.05325693583608053
488.6455536928506;0.05682607544316815
488.8674970077883;0.061961031135945824
489.0894532066892;0.05963533371455324
489.31142228649037;0.061293256628813304
489.5334042441285;0.06080969577882078
489.7553990765406;0.06179984418594832
489.9774067806633;0.06523082355018094
490.1994273534335;0.06384922112163088
490.42146079178826;0.06322750002878337
490.6435070926642;0.06495450306447093
490.8655662529983;0.06463212916447592
491.08763826972745;0.06502358318589843
491.3097231397883;0.06002678773597576
491.5318208601178;0.058576105185998206
491.7539314276528;0.05698726239316566
491.9760548393301;0.06465515587161842
492.19819109208674;0.06179984418594832
492.4203401828594;0.06573741110731596
492.64250210858484;0.06246761869308084
492.86467686620006;0.06260577893593584
493.08686445264186;0.06048732187882577
493.3090648648471;0.06251367210736584
493.5312780997526;0.06354987392877838
493.75350415429534;0.0644939689216209
493.97574302541193;0.06477028940733091
494.19799471003944;0.06601373159302597
494.42025920511446;0.06737230731443351
494.64253650757416;0.07101052704294863
494.86482661435514;0.06587557135017096
495.08712952239443;0.0641485683144834
495.30944522862876;0.06447094221447841
495.53177372999494;0.06532293037875093
495.7541150234299;0.06481634282161593
495.9764691058705;0.067487440850146
496.1988359742535;0.06380316770734588
496.42121562551574;0.06557622415731845
496.6436080565943;0.06822429547870604
496.86601326442565;0.06822429547870604
497.08843124594705;0.06622097195730847
497.310861998095;0.06721112036443601
497.5333055178065;0.06582951793588596
497.75576180201847;0.06389527453591588
497.97823084766753;0.061984057843088324
498.20071265169076;0.06454002233590592
498.423207211025;0.06387224782877339
498.6457145226069;0.067072960121581
498.86823458337346;0.06909931035012107
499.0907673902615;0.0671420402430085
499.31331294020777;0.06792494828585352
499.53587123014927;0.067165066950151
499.7584422570228;0.0672341470715785
499.9810260177652;0.0640334347787709
500.2036225093133;0.06283604600736085
500.42623172860397;0.0671880936572935
500.648853672574;0.06152352370023831
500.87148833816025;0.06276696588593335
501.0941357222996;0.061914977721660824
501.31679582192896;0.06783284145728352
501.53946863398517;0.06944471095725858
501.7621541554049;0.06730322719300601
501.98485238312514;0.06451699562876341
502.2075633140828;0.0643558086787659
502.43028694521456;0.06504660989304092
502.6530232734574;0.06983616497868109
502.8757722957481;0.06741836072871851
503.0985340090235;0.0701585388786761
503.32130841022047;0.06638215890730598
503.5440954962759;0.06541503720732095
503.76689526412656;0.06470120928590342
503.98970771070935;0.06804008182156603
504.2125328329612;0.06764862780014352
504.43537062781877;0.07029669912153111
504.6582210922189;0.06916839047154857
504.8810842230987;0.06527687696446594
505.1039600173948;0.0697670848572536
505.32684847204416;0.07061907302152612
505.5497495839835;0.07211580898578866
505.77266335014974;0.07117171399294614
505.9955897674797;0.07103355375009113
506.21852883291024;0.07154014130722615
506.44148054337836;0.06850061596441605
506.6644448958207;0.07211580898578866
506.8874218871741;0.07266844995720868
507.1104115143755;0.07089539350723613
507.3334137743618;0.06827034889299104
507.5564286640697;0.0728987170286337
507.7794561804362;0.0699282718072511
508.0024963203981;0.07223094252150117
508.22554908089205;0.07234607605721367
508.4486144588552;0.07349741141433871
508.6716924512242;0.0733131977571987
508.89478305493606;0.07504020079288627
509.1178862669275;0.07020459229296111
509.3410020841354;0.07319806422148621
509.5641305034966;0.07319806422148621
509.7872715219479;0.07333622446434121
510.0104251364262;0.07117171399294614
510.2335913438684;0.07278358349292119
510.45677014121134;0.07368162507147873
510.6799615253917;0.0701585388786761
510.9031654933466;0.07501717408574377
511.12638204201255;0.07568494859287629
511.34961116832676;0.07860934039997389
511.5728528692258;0.07646785663572131
511.79610714164664;0.07520138774288378
512.0193739825262;0.07540862810716628
512.242653388801;0.07232304935007118
512.4659453574084;0.07223094252150117
512.6892498852849;0.07278358349292119
512.9125669693674;0.07418821262861373
513.1358966065927;0.07338227787862621
513.3592387938977;0.07050393948581361
513.5825935282194;0.06861574950012855
513.8059608064943;0.0729217437357762
514.0293406256596;0.0700203786358211
514.2527329826521;0.06979011156439609
514.4761378744084;0.07057301960724112
514.6995552978656;0.07319806422148621
514.9229852499603;0.07167830155008115
515.1464277276297;0.07151711460008364
515.3698827278102;0.07453361323575125
515.593350247439;0.07573100200716129
515.816830283453;0.06939865754297357
516.0403228327887;0.0639413279502009
516.2638278923831;0.06389527453591588
516.4873454591732;0.06113206967881579
516.7108755300957;0.06278999259307586
516.9344181020874;0.06642821232159098
517.1579731720853;0.06930655071440357
517.3815407370262;0.0671420402430085
517.6051207938469;0.0612472032145283
517.8287133394842;0.06354987392877838
518.052318370875;0.06548411732874844
518.2759358849563;0.06465515587161842
518.4995658786647;0.06806310852870853
518.7232083489372;0.06553017074303344
518.9468632927105;0.07038880595010111
519.1705307069217;0.06769468121442852
519.3942105885075;0.07358951824290871
519.6179029344046;0.07186251520722116
519.8416077415501;0.07045788607152861
520.0653250068807;0.07114868728580363
520.2890547273332;0.07232304935007118
520.5127968998447;0.07536257469288128
520.7365515213519;0.07324411763577121
520.9603185887916;0.06988221839296609
521.1840980991005;0.07377373190004873
521.4078900492158;0.0703197258286736
521.6316944360741;0.07253028971435369
521.8555112566124;0.07094144692152113
522.0793405077674;0.06863877620727105
522.3031821864761;0.07121776740723114
522.5270362896752;0.07135592765008614
522.7509028143015;0.06889206998583856
522.9747817572921;0.07218488910721617
523.1986731155837;0.07347438470719621
523.4225768861132;0.0730138505643462
523.6464930658174;0.07361254495005122
523.870421651633;0.0728526636143487
524.0943626404971;0.07508625420717127
524.3183160293464;0.07384281202147623
524.5422818151179;0.07241515617864118
524.7662599947482;0.07487901384288877
524.9902505651744;0.07494809396431626
525.2142535233332;0.0760994293214413
525.4382688661615;0.07271450337149368
525.662296590596;0.07036577924295861
525.8863366935739;0.06640518561444847
526.1103891720317;0.07041183265724361
526.3344540229064;0.06274393917879086
526.5585312431348;0.06810916194299353
526.7826208296538;0.06447094221447841
527.0067227794001;0.06942168425011608
527.2308370893107;0.07347438470719621
527.4549637563225;0.07041183265724361
527.6791027773722;0.07264542325006619
527.9032541493968;0.07282963690720619
528.127417869333;0.07568494859287629
528.3515939341177;0.0759842957857288
528.5757823406877;0.07453361323575125
528.79998308598;0.07554678835002128
529.0241961669312;0.07446453311432374
529.2484215804784;0.07497112067145877
529.4726593235583;0.07577705542144629
529.6969093931078;0.07522441445002627
529.9211717860637;0.07455663994289376
530.145446499363;0.08006002294995143
530.3697335299422;0.07425729275004124
530.5940328747386;0.07745800504284885
530.8183445306887;0.07969159563567142
531.0426684947295;0.07639877651429382
531.2670047637978;0.07529349457145378
531.4913533348305;0.0760994293214413
531.7157142047644;0.07126382082151614
531.9400873705364;0.0729447704429187
532.1644728290833;0.07160922142865365
532.3888705773419;0.06999735192867859
532.6132806122491;0.06907628364297856
532.8377029307419;0.0762606162714388
533.0621375297569;0.07354346482862371
533.2865844062311;0.07612245602858381
533.5110435571012;0.07517836103574127
533.7355149793042;0.07437242628575375
533.9599986697768;0.0728987170286337
534.1844946254561;0.07692839077857133
534.4090028432787;0.07649088334286382
534.6335233201814;0.07722773797142383
534.8580560531014;0.07778037894284386
535.0826010389752;0.0821324265927765
535.3071582747399;0.07872447393568639
535.5317277573321;0.07920803478567891
535.7563094836888;0.07794156589284136
535.9809034507468;0.07851723357140389
536.205509655443;0.07517836103574127
536.4301280947143;0.07259936983578119
536.6547587654973;0.07556981505716379
536.8794016647291;0.07266844995720868
537.1040567893464;0.07734287150713634
537.3287241362862;0.08141859867135898
537.5534037024852;0.08072779745708396
537.7780954848803;0.0793001416142489
538.0027994804083;0.07833301991426388
538.2275156860061;0.07697444419285633
538.4522440986107;0.07685931065714383
538.6769847151586;0.07835604662140638
538.9017375325868;0.07646785663572131
539.1265025478324;0.07824091308569388
539.3512797578319;0.07391189214290372
539.5760691595223;0.07734287150713634
539.8008707498404;0.07243818288578367
540.0256845257231;0.07121776740723114
540.2505104841072;0.0729447704429187
540.4753486219296;0.07474085360003375
540.7001989361271;0.07423426604289873
540.9250614236365;0.07430334616432624
541.1499360813948;0.07711260443571134
541.3748229063387;0.07690536407142883
541.5997218954053;0.07566192188573378
541.8246330455311;0.0786323671071164
542.0495563536531;0.07985278258566893
542.2744918167082;0.07886263417854139
542.499439431633;0.07685931065714383
542.7243991953648;0.07515533432859878
542.9493711048401;0.07257634312863868
543.1743551569958;0.07918500807853641
543.3993513487688;0.08001396953566643
543.624359677096;0.08130346513564649
543.8493801389142;0.0790238211285389
544.0744127311601;0.08047450367851645
544.2994574507708;0.07957646209995892
544.524514294683;0.07782643235712886
544.7495832598336;0.07918500807853641
544.9746643431592;0.0786323671071164
545.1997575415971;0.08319165512133155
545.424862852084;0.08019818319280644
545.6499802715564;0.08118833159993398
545.8751097969515;0.08075082416422646
546.1002514252061;0.08210939988563401
546.3254051532571;0.08397456316417658
546.5505709780412;0.0817179458642115
546.7757488964952;0.0792540881999639
547.0009389055562;0.08072779745708396
547.2261410021607;0.081740972571354
547.4513551832458;0.07943830185710392
547.6765814457484;0.08148767879278648
547.9018197866052;0.08095806452850897
548.1270702027531;0.08337586877847156
548.3523326911288;0.08286928122133654
548.5776072486694;0.08323770853561654
548.8028938723116;0.08351402902132656
549.0281925589923;0.07976067575709893
549.2535033056483;0.08505681839987411
549.4788261092165;0.0816718924499265
549.7041609666337;0.08362916255703906
549.9295078748368;0.08646144753556666
550.1548668307626;0.08095806452850897
550.3802378313479;0.08254690732134153
550.6056208735297;0.0817179458642115
550.8310159542447;0.08123438501421898
551.0564230704298;0.08206334647134901
551.2818422190219;0.08632328729271165
551.5072733969578;0.08706014192127168
551.7327166011743;0.08692198167841667
551.9581718286083;0.0846193109641666
552.1836390761966;0.081925186228494
552.4091183408763;0.0847344444998791
552.6346096195839;0.08388245633560656
552.8601129092564;0.08365218926418155
553.0856282068306;0.08326073524275905
553.3111555092433;0.08701408850698668
553.5366948134316;0.08436601718559908
553.7622461163321;0.08620815375699914
553.9878094148817;0.08206334647134901
554.2133847060173;0.08524103205701411
554.4389719866757;0.08897135861409924
554.6645712537938;0.08673776802127667
554.8901825043083;0.08514892522844411
555.1158057351563;0.08828055739982421
555.3414409432745;0.08372126938560906
555.5670881255998;0.08687592826413167
555.7927472790689;0.08669171460699167
556.0184184006187;0.08581669973557664
556.2441014871862;0.08337586877847156
556.4697965357082;0.08273112097848152
556.6955035431213;0.08181005269278149
556.9212225063627;0.08505681839987411
557.146953422369;0.0849877382784466
557.3726962880772;0.08263901414991152
557.5984511004241;0.08240874707848651
557.8242178563465;0.08164886574278399
558.0499965527813;0.0816718924499265
558.2757871866653;0.07978370246424143
558.5015897549354;0.08275414768562403
558.7274042545284;0.08022120989994894
558.9532306823812;0.0815797856213565
559.1790690354305;0.08029029002137644
559.4049193106134;0.08517195193558662
559.6307815048666;0.08169491915706899
559.856655615127;0.08441207059988408
560.0825416383313;0.08360613584989655
560.3084395714166;0.08694500838555917
560.5343494113195;0.08551735254272412
560.7602711549769;0.08098109123565148
560.9862047993257;0.08517195193558662
561.2121503413028;0.0821324265927765
561.438107777845;0.0816258390356415
561.6640771058891;0.0821324265927765
561.890058322372;0.0819482129356365
562.1160514242306;0.08282322780705154
562.3420564084016;0.08524103205701411
562.5680732718221;0.08620815375699914
562.7941020114285;0.08528708547129911
563.0201426241581;0.08185610610706649
563.2461951069475;0.08420483023560157
563.4722594567337;0.08570156619986413
563.6983356704535;0.0848726047427341
563.9244237450437;0.08388245633560656
564.150523677441;0.08519497864272911
564.3766354645826;0.08185610610706649
564.6027591034051;0.08521800534987162
564.8288945908454;0.0878200232569742
565.0550419238403;0.0850337916927316
565.2812010993268;0.08296138804990653
565.5073721142415;0.0820863731784915
565.7335549655216;0.08010607636423644
565.9597496501036;0.08105017135707897
566.1859561649246;0.07948435527138892
566.4121745069212;0.08247782719991402
566.6384046730305;0.09403723418544942
566.8646466601892;0.08155675891421399
567.0909004653342;0.08606999351414414
567.3171660854023;0.0848726047427341
567.5434435173304;0.08468839108559409
567.7697327580553;0.0849416848641616
567.9960338045139;0.08351402902132656
568.2223466536431;0.07973764904995642
568.4486713023795;0.07837907332854888
568.6750077476602;0.08319165512133155
568.9013559864219;0.08243177378562902
569.1277160156017;0.08448115072131158
569.3540878321361;0.08280020109990903
569.580471432962;0.08128043842850398
569.8068668150165;0.08618512704985665
570.0332739752363;0.07999094282852394
570.2596929105582;0.08123438501421898
570.4861236179191;0.08024423660709144
570.712566094256;0.07916198137139391
570.9390203365053;0.07923106149282141
571.1654863416044;0.08033634343566144
571.3919641064898;0.08254690732134153
571.6184536280985;0.08231664024991651
571.8449549033671;0.08632328729271165
572.0714679292328;0.08636934070699666
572.2979927026322;0.08404364328560407
572.5245292205021;0.08639236741413915
572.7510774797796;0.08431996377131408
572.9776374774015;0.08383640292132157
573.2042092103045;0.08853385117839173
573.4307926754256;0.08788910337840171
573.6573878697014;0.08367521597132406
573.883994790069;0.08464233767130909
574.110613433465;0.08420483023560157
574.3372437968267;0.0821324265927765
574.5638858770903;0.08332981536418654
574.7905396711933;0.08305349487847653
575.0172051760721;0.08468839108559409
575.2438823886638;0.08379034950703657
575.470571305905;0.08259296073562652
575.6972719247328;0.08045147697137395
575.9239842420839;0.08346797560704156
576.1507082548952;0.08445812401416909
576.3774439601035;0.0880733170355417
576.6041913546456;0.0849416848641616
576.8309504354586;0.0881193704498267
577.0577211994791;0.08365218926418155
577.284503643644;0.08602394009985914
577.5112977648902;0.08358310914275406
577.7381035601545;0.08519497864272911
577.9649210263738;0.08372126938560906
578.1917501604848;0.08544827242129661
578.4185909594246;0.08455023084273909
578.6454434201299;0.08556340595700912
578.8723075395375;0.08609302022128665
579.0991833145844;0.08689895497127417
579.3260707422072;0.08521800534987162
579.5529698193429;0.08554037924986663
579.7798805429285;0.08701408850698668
580.0068029099006;0.08841871764267922
580.2337369171961;0.08901741202838424
580.4606825617519;0.08906346544266924
580.687639840505;0.08968518653551677
580.914608750392;0.08878714495695923
581.1415892883497;0.08901741202838424
581.3685814513152;0.08724435557841168
581.5955852362251;0.08855687788553422
581.8226006400165;0.09032993433550679
582.0496276596261;0.08848779776410673
582.2766662919908;0.09281681870689687
582.5037165340474;0.08991545360694177
582.7307783827328;0.09161942993548683
582.9578518349837;0.08830358410696672
583.1849368877371;0.08719830216412668
583.4120335379298;0.08680684814270416
583.6391417824987;0.08998453372836927
583.8662616183805;0.09037598774979179
584.0933930425123;0.09051414799264679
584.3205360518307;0.08620815375699914
584.5476906432726;0.08961610641408926
584.774856813775;0.08874109154267423
585.0020345602746;0.09005361384979678
585.2292238797083;0.08837266422839422
585.4564247690129;0.09198785724976684
585.6836372251253;0.08613907363557165
585.9108612449824;0.09014572067836678
586.1380968255208;0.08441207059988408
586.3653439636778;0.08959307970694676
586.5926026563898;0.08887925178552923
586.8198729005937;0.09118192249977931
587.0471546932266;0.08913254556409675
587.2744480312252;0.08639236741413915
587.5017529115265;0.0817639992784965
587.7290693310671;0.08134951854993148
587.956397286784;0.07743497833570635
588.1837367756139;0.07455663994289376
588.4110877944938;0.07080328667866613
588.6384503403605;0.0703197258286736
588.8658244101509;0.06817824206442104
589.0932100008017;0.06967497802868358
589.32060710925;0.06721112036443601
589.5480157324323;0.07402702567861623
589.7754358672858;0.07368162507147873
590.002867510747;0.07766524540713135
590.2303106597531;0.07632969639286631
590.4577653112408;0.0787935540571139
590.6852314621468;0.07976067575709893
590.9127091094082;0.07957646209995892
591.1401982499616;0.07854026027854638
591.367698880744;0.07803367272141137
591.5952109986923;0.07660601687857632
591.8227346007432;0.07628364297858131
592.0502696838337;0.07662904358571881
592.2778162449005;0.08125741172136147
592.5053742808805;0.07702049760714133
592.7329437887105;0.07964554222138642
592.9605247653275;0.07821788637855137
593.1881172076681;0.0786784205214014
593.4157211126695;0.08335284207132905
593.6433364772683;0.07923106149282141
593.8709632984014;0.07702049760714133
594.0986015730056;0.07531652127859628
594.3262512980177;0.07658299017143382
594.5539124703748;0.07720471126428134
594.7815850870136;0.07796459259998387
595.0092691448708;0.07764221869998886
595.2369646408835;0.0816718924499265
595.4646715719882;0.08309954829276155
595.6923899351223;0.08381337621417906
595.9201197272221;0.08116530489279147
596.1478609452247;0.0817639992784965
596.375613586067;0.0817179458642115
596.6033776466857;0.08070477074994147
596.8311531240178;0.07936922173567641
597.058940015;0.07941527514996141
597.2867383165691;0.07950738197853142
597.5145480256622;0.08144162537850148
597.742369139216;0.081740972571354
597.9702016541672;0.08017515648566394
598.1980455674529;0.08220150671420401
598.4259008760099;0.0819021595213515
598.653767576775;0.08611604692842914
598.8816456666849;0.08427391035702908
599.1095351426767;0.0877279164284042
599.3374360016871;0.082017293057064
599.565348240653;0.08436601718559908
599.7932718565113;0.0877739698426892
600.0212068461987;0.08328376194990154
600.2491532066522;0.08397456316417658
600.4771109348085;0.08411272340703158
600.7050800276045;0.08404364328560407
600.933060481977;0.08427391035702908
601.1610522948631;0.08270809427133903
601.3890554631994;0.08309954829276155
601.6170699839228;0.08072779745708396
601.8450958539702;0.081971239642779
602.0731330702783;0.081787025985639
602.3011816297841;0.08604696680700163
602.5292415294244;0.08565551278557913
602.7573127661361;0.08360613584989655
602.985395336856;0.08641539412128166
603.2134892385209;0.08982334677837177
603.4415944680677;0.08717527545698418
603.6697110224333;0.0878430499641167
603.8978388985544;0.08735948911412418
604.125978093368;0.08839569093553672
604.3541286038109;0.08793515679268671
604.5822904268198;0.08632328729271165
604.8104635593318;0.08855687788553422
605.0386479982835;0.08825753069268172
605.266843740612;0.08669171460699167
605.495050783254;0.08307652158561904
605.7232691231463;0.08742856923555169
605.951498757226;0.08574761961414913
606.1797396824296;0.08528708547129911
606.4079918956941;0.08517195193558662
606.6362553939564;0.08844174434982172
606.8645301741533;0.08646144753556666
607.0928162332217;0.08731343569983918
607.3211135680983;0.08676079472841916
607.5494221757202;0.08892530519981424
607.777742053024;0.08754370277126419
608.0060731969467;0.08837266422839422
608.234415604425;0.08694500838555917
608.4627692723958;0.08326073524275905
608.6911341977961;0.08535616559272662
608.9195103775627;0.08390548304274907
609.1478978086323;0.0847114177927366
609.3762964879418;0.08434299047845659
609.6047064124281;0.0847344444998791
609.833127579028;0.08464233767130909
610.0615599846784;0.08224756012848901
610.2900036263161;0.08411272340703158
610.518458500878;0.08758975618554919
610.7469246053008;0.08146465208564399
610.9754019365216;0.08544827242129661
611.2038904914771;0.08397456316417658
611.4323902671041;0.08535616559272662
611.6609012603395;0.08429693706417159
611.8894234681202;0.08425088364988657
612.117956887383;0.0849186581570191
612.3465015150647;0.08353705572846906
612.5750573481023;0.08413575011417408
612.8036243834324;0.08676079472841916
613.0322026179921;0.0846653643784516
613.2607920487181;0.08682987484984667
613.4893926725473;0.07877052734997139
613.7180044864165;0.08427391035702908
613.9466274872625;0.08233966695705902
614.1752616720224;0.08383640292132157
614.4039070376328;0.0817179458642115
614.6325635810306;0.08517195193558662
614.8612312991527;0.08206334647134901
615.089910188936;0.0819021595213515
615.3186002473171;0.0817639992784965
615.5473014712331;0.08049753038565895
615.7760138576208;0.08263901414991152
616.0047374034169;0.08042845026423145
616.2334721055585;0.08270809427133903
616.4622179609821;0.08307652158561904
616.6909749666249;0.08224756012848901
616.9197431194236;0.08443509730702659
617.148522416315;0.081971239642779
617.377312854236;0.08362916255703906
617.6061144301235;0.0878660766712592
617.8349271409143;0.08565551278557913
618.0637509835451;0.08390548304274907
618.292585954953;0.0815797856213565
618.5214320520747;0.08505681839987411
618.7502892718471;0.0847804979141641
618.979157611207;0.0847114177927366
619.2080370670913;0.08390548304274907
619.4369276364367;0.08390548304274907
619.6658293161803;0.08328376194990154
619.8947421032589;0.08413575011417408
620.1236659946092;0.08646144753556666
620.352600987168;0.08616210034271414
620.5815470778723;0.0876588363069767
620.810504263659;0.08455023084273909
621.0394725414648;0.08646144753556666
621.2684519082266;0.08531011217844162
621.4974423608812;0.08397456316417658
621.7264438963655;0.0849647115713041
621.9554565116165;0.08441207059988408
622.1844802035707;0.08581669973557664
622.4135149691652;0.08434299047845659
622.6425608053369;0.08160281232849899
622.8716177090224;0.08323770853561654
623.1006856771587;0.08058963721422896
623.3297647066827;0.08236269366420151
623.5588547945312;0.08540221900701161
623.7879559376408;0.08408969669988907
624.0170681329488;0.08397456316417658
624.2461913773918;0.08121135830707647
624.4753256679066;0.08137254525707398
624.7044710014302;0.08316862841418904
624.9336273748993;0.08139557196421648
625.1627947852508;0.0847344444998791
625.3919732294215;0.07999094282852394
625.6211627043484;0.08139557196421648
625.8503632069683;0.08273112097848152
626.0795747342179;0.08452720413559658
626.3087972830342;0.08291533463562153
626.5380308503541;0.08328376194990154
626.7672754331142;0.0820403197642065
626.9965310282515;0.08346797560704156
627.2257976327028;0.0789547410071114
627.4550752434051;0.07681325724285883
627.6843638572951;0.07398097226433123
627.9136634713096;0.07672115041428883
628.1429740823856;0.07690536407142883
628.3722956874599;0.07697444419285633
628.6016282834694;0.07782643235712886
628.8309718673507;0.07856328698568889
629.0603264360409;0.0762145628571538
629.2896919864768;0.07761919199284635
629.5190685155951;0.07955343539281642
629.7484560203329;0.07918500807853641
629.9778544976268;0.08040542355708895
630.2072639444139;0.07927711490710641
630.4366843576307;0.08130346513564649
630.6661157342144;0.08526405876415662
630.8955580711016;0.0819021595213515
631.1250113652294;0.08015212977852144
631.3544756135344;0.08146465208564399
631.5839508129535;0.07978370246424143
631.8134369604237;0.07743497833570635
632.0429340528817;0.07755011187141886
632.2724420872644;0.08144162537850148
632.5019610605085;0.08019818319280644
632.7314909695511;0.08153373220707148
632.9610318113289;0.08166523847283605
633.1905835827788;0.07910869826530893
633.4201462808377;0.07881847881558302
633.6497199024423;0.08270792026618265
633.8793044445295;0.08135712040962256
634.1088999040361;0.08438541272348582
634.3385062778991;0.08383909821368031
634.5681235630552;0.08282342955726912
634.7977517564414;0.08363874193847647
635.0273908549945;0.08627260180991923
635.2570408556511;0.08436501102372991
635.4867017553485;0.08319623587577259
635.7163735510231;0.0835737616957544
635.946056239612;0.08116443470825722
636.1757498180519;0.07969798933531097
636.4054542832799;0.08167822603595301
636.6351696322326;0.07894246041189834
636.8648958618471;0.08058215575355504
637.09463296906;0.08100924220031505
637.3243809508082;0.07985091066077006
637.5541398040285;0.08314449758582768
637.7839095256579;0.08339288748464405
638.0136901126332;0.07872902723374844
638.2434815618911;0.08450599638062191
638.4732838703687;0.08298231073392758
638.7030970350027;0.08233674516238362
638.93292105273;0.08033337139769742
639.1627559204874;0.0809286644017677
639.3926016352117;0.08003049601668281
639.6224581938397;0.08130682838240486
639.8523255933086;0.07911097236023426
640.0822038305549;0.08274649904317101
640.3120929025156;0.07669362916826984
640.5419928061274;0.07691413113973965
640.7719035383273;0.08022258963263167
641.001825096052;0.07690802310786192
641.2317574762386;0.07876468113548811
641.4617006758236;0.07735454396899184
641.6916546917442;0.08171654653590735
641.921619520937;0.08018489120353042
642.151595160339;0.08019075691252775
642.3815816068869;0.07875128524074053
642.6115788575178;0.07876481141809716
642.8415869091682;0.0796301781232437
643.0716057587751;0.07648728501498568
643.3016354032754;0.08030088511292773
643.531675839606;0.08081216360160816
643.7617270647036;0.08337735104961712
643.9917890755052;0.07711055940578648
644.2218618689475;0.08062301158800718
644.4519454419673;0.07887644667971423
644.6820397915017;0.07742876122998447
644.9121449144873;0.07584188723300901
645.142260807861;0.07545133703812264
645.37238746856;0.07084912658568092
645.6025248935205;0.07508953648336886
645.8326730796798;0.06981317852967045
646.0628320239747;0.07030863704613757
646.293001723342;0.069646061096972
646.5231821747185;0.0694894581540087
646.7533733750411;0.06684332736827248
646.9835753212466;0.06898375609323219
647.2137880102719;0.06646415365864203
647.4440114390537;0.0691609265939555
647.6742456045291;0.06554280239161762
647.9044905036347;0.06461982993919427
648.1347461333077;0.06606576366563126
648.3650124904846;0.0657004688925157
648.5952895721023;0.06537349897246286
648.8255773750979;0.06549602408299444
649.0558758964078;0.06386580380189402
649.2861851329693;0.06448117443658852
649.516505081719;0.06460905465091621
649.7468357395937;0.06748091140947006
649.9771771035304;0.06722439747170862
650.2075291704659;0.06901327088057357
650.4378919373371;0.06433006501208519
650.6682654010807;0.07147677274351952
650.8986495586337;0.063367949350132
651.1290444069328;0.0631923635693472
651.3594499429151;0.06231194931664176
651.5898661635172;0.06463212916447592
651.8202930656761;0.06601373159302597
652.0507306463285;0.06596767817874095
652.2811789024113;0.06799402840728103
652.5116378308613;0.06797100170013853
652.7421074286156;0.06470120928590342
652.9725876926108;0.06891509669298106
653.2030786197838;0.06829337560013354
653.4335802070714;0.06995129851439359
653.6640924514106;0.06794797499299603
653.8946153497382;0.06679663963587099
654.1251488989909;0.06368803417163338
654.3556930961057;0.0640564614859134
654.5862479380193;0.06502358318589843
654.8168134216687;0.06304328637164336
655.0473895439908;0.06251367210736584
655.2779763019222;0.059796520664550754
655.5085736924;0.05802346421457819
655.7391817123608;0.05047070427183793
655.9698003587417;0.05104637195040045
656.2004296284795;0.05440827119320557
656.4310695185109;0.05659580837174314
656.6617200257728;0.05811557104314819
656.8923811472021;0.05728660958601817
657.1230528797356;0.06246761869308084
657.3537352203102;0.06285907271450336
657.5844281658627;0.06622097195730847
657.81513171333;0.06585254464302846
658.0458458596488;0.06288209942164585
658.2765706017561;0.06481634282161593
658.5073059365889;0.06454002233590592
658.7380518610837;0.06656637256444597
658.9688083721775;0.06529990367160844
659.1995754668071;0.06677361292872849
659.4303531419096;0.06329658015021086
659.6611413944214;0.06534595708589344
659.8919402212797;0.06780981475014103
660.1227496194213;0.0643327819716234
660.3535695857829;0.06912233705726356
660.5844001173015;0.06631307878587847
660.8152412109139;0.06942168425011608
661.0460928635569;0.06843153584298854
661.2769550721673;0.07278358349292119
661.5078278336821;0.07218488910721617
661.7387111450381;0.07202370215721866
661.969605003172;0.06859272279298605
662.2005094050209;0.06852364267155854
662.4314243475214;0.06829337560013354
662.6623498276106;0.07195462203579116
662.8932858422252;0.066934799878726
663.124232388302;0.06870785632869855
663.3551894627778;0.06801705511442353
663.5861570625898;0.0642176484359109
663.8171351846744;0.06458607575019092
664.0481238259688;0.06582951793588596
664.2791229834096;0.06774073462871352
664.5101326539337;0.06889206998583856
664.7411528344782;0.06866180291441355
664.9721835219794;0.06873088303584106
665.2032247133748;0.067349280607291
665.4342764056008;0.07130987423580114
665.6653385955944;0.06900720352155107
665.8964112802925;0.06886904327869606
666.1274944566318;0.06822429547870604
666.3585881215491;0.06907628364297856
666.5896922719817;0.06965195132154109
666.8208069048659;0.0700203786358211
667.0519320171387;0.06553017074303344
667.2830676057372;0.07052696619295612
667.5142136675979;0.067349280607291
667.7453701996579;0.06757954767871602
667.976537198854;0.06640518561444847
668.207714662123;0.0701585388786761
668.4389025864017;0.06610583842159597
668.6701009686269;0.067487440850146
668.9013098057358;0.06649729244301848
669.1325290946648;0.06684269305015599
669.363758832351;0.066934799878726
669.5949990157312;0.06850061596441605
669.8262496417422;0.06831640230727604
670.057510707321;0.06930655071440357
670.2887822094042;0.06840850913584605
670.5200641449288;0.07091842021437862
670.7513565108317;0.06757954767871602
670.9826593040495;0.06937563083583108
671.2139725215195;0.07045788607152861
671.445296160178;0.06912233705726356
671.6766302169624;0.06960589790725609
671.9079746888091;0.06891509669298106
672.1393295726551;0.06914536376440607
672.3706948654373;0.06817824206442104
672.6020705640925;0.06594465147159846
672.8334566655576;0.06838548242870354
673.0648531667694;0.06824732218584854
673.2962600646647;0.06882298986441106
673.5276773561804;0.067349280607291
673.7591050382533;0.07112566057866114
673.9905431078205;0.06652031915016098
674.2219915618184;0.06817824206442104
674.4534503971843;0.06580649122874345
674.6849196108546;0.06967497802868358
674.9163991997666;0.06576043781445845
675.1478891608568;0.07250726300721118
675.3793894910623;0.06879996315726855
675.6109001873198;0.07204672886436117
675.8424212465661;0.06856969608584355
676.0739526657381;0.06907628364297856
676.3054944417728;0.07052696619295612
676.5370465716068;0.06935260412868857
676.7686090521771;0.06861574950012855
677.0001818804205;0.06893812340012356
677.231765053274;0.067026906707296
677.4633585676742;0.06642821232159098
677.694962420558;0.06619794525016597
677.9265766088624;0.07094144692152113
678.1582011295242;0.06898417681440856
678.38983597948;0.07144803447865615
678.621481155667;0.07068815314295362
678.8531366550218;0.06923747059297607
679.0848024744814;0.07183948850007865
679.3164786109826;0.06767165450728602
679.5481650614622;0.06958287120011358
679.7798618228571;0.06955984449297108
680.0115688921042;0.0698131382715386
680.2432862661401;0.06896115010726606
680.475013941902;0.06829337560013354
680.7067519163265;0.06352684722163587
680.9385001863506;0.06725717377872101
681.170258748911;0.07165527484293865
681.4020276009446;0.06764862780014352
681.6338067393883;0.0699743252215361
681.8655961611789;0.067395334021576
682.0973958632533;0.0699743252215361
682.3292058425482;0.06946773766440108
682.5610260960007;0.0701355121715336
682.7928566205474;0.06852364267155854
683.0246974131252;0.06746441414300351
683.2565484706712;0.06951379107868608
683.4884097901219;0.0699282718072511
683.7202813684142;0.06903023022869356
683.9521632024853;0.06467818257876091
684.1840552892716;0.06824732218584854
684.4159576257101;0.06923747059297607
684.6478702087378;0.07050393948581361
684.8797930352914;0.06873088303584106
685.1117261023078;0.06900720352155107
685.3436694067237;0.07119474070008863
685.5756229454762;0.06557622415731845
685.807586715502;0.0698131382715386
686.039560713738;0.06292815283593085
686.2715449371209;0.0582997847002882
686.5035393825877;0.05482275192177058
686.7355440470753;0.048858834771862876
686.9675589275205;0.04568114918619777
687.1995840208599;0.046694324300467806
687.4316193240307;0.04478310760764024
687.6636648339696;0.05164506633610547
687.8957205476133;0.05394773705035555
688.127786461899;0.05482275192177058
688.3598625737633;0.055812900328898116
688.591948880143;0.0554444730146181
688.8240453779752;0.05512209911462309
689.0561520641965;0.052220734014667994
689.2882689357438;0.05694120897888065
689.5203959895539;0.05622738105746313
689.7525332225639;0.0583458381145732
689.9846806317103;0.056780022028883145
690.2168382139303;0.0553293394789056
690.4490059661605;0.05779319714315318
690.6811838853378;0.05597408727889562
690.913371968399;0.05744779653601567
691.1455702122812;0.05915177286456073
691.3777786139209;0.06154655040738081
691.6099971702553;0.05933598652170073
691.8422258782208;0.05970441383598075
692.0744647347547;0.0583458381145732
692.3067137367935;0.05500696557891059
692.5389728812743;0.053993790464640555
692.7712421651339;0.0553063127717631
693.003521585309;0.05726358287887567
693.2358111387366;0.05502999228605309
693.4681108223534;0.056158300936035625
693.7004206330964;0.05790833067886569
693.9327405679024;0.057033315807450656
694.1650706237082;0.05595106057175312
694.3974107974508;0.05362536315036054
694.6297610860668;0.05268126815751801
694.8621214864933;0.05634251459317563
695.0944919956669;0.05182927999324548
695.3268726105246;0.05712542263602066
695.5592633280031;0.053694443271788045
695.7916641450396;0.05719450275744816
696.0240750585706;0.057931357386008187
696.256496065533;0.062237351621655834
696.4889271628638;0.06034916163597077
696.7213683474997;0.06156957711452331
696.9538196163776;0.061961031135945824
697.1862809664344;0.06576043781445845
697.4187523946069;0.05802346421457819
697.651233897832;0.06536898379303593
697.8837254730464;0.05952020017884074
698.116227117187;0.06352684722163587
698.3487388271908;0.05813859775029069
698.5812605999945;0.05770109031458318
698.8137924325349;0.05597408727889562
699.046334321749;0.05728660958601817
699.2788862645737;0.054891832043198086
699.5114482579456;0.05565171337890061
699.7440202988016;0.05302666876465552
699.9766023840788;0.054983938871768084
700.2091945107137;0.0525661346218055
700.4417966756434;0.05657278166460064
700.6744088758047;0.054914858750340585
700.9070311081343;0.05753990336458567
701.1396633695693;0.052796401693230514
701.3723056570464;0.05514512582176559
701.6049579675024;0.05629646117889063
701.8376202978742;0.05804649092172069
702.0702926450987;0.057977410800293186
702.3029750061127;0.055559606550330605
702.535667377853;0.055536579843188105
702.7683697572564;0.05774714372886818
703.00108214126;0.05654975495745814
703.2338045268003;0.0582307045788607
703.4665369108145;0.05392471034321305
703.6992792902392;0.05915177286456073
703.9320316620115;0.054960912164625585
704.1647940230679;0.057977410800293186
704.3975663703454;0.06002678773597576
704.630348700781;0.058576105185998206
704.8631410113113;0.061661683943093314
705.0959432988734;0.05866821201456821
705.328755560404;0.05970441383598075
705.5615777928399;0.05975046725026575
705.794409993118;0.056434621421745636
706.0272521581752;0.05788530397172319
706.2601042849483;0.05991165420026325
706.4929663703741;0.06044126846454077
706.7258384113895;0.05804649092172069
706.9587204049316;0.06308933978592836
707.1916123479367;0.05903663932884822
707.424514237342;0.05922085298598823
707.6574260700844;0.05933598652170073
707.8903478431006;0.05947414676455574
708.1232795533275;0.05779319714315318
708.3562211977019;0.05945112005741324
708.5891727731606;0.05878334555028072
708.8221342766407;0.06251367210736584
709.0551057050787;0.06007284115026076
709.2880870554118;0.05933598652170073
709.5210783245766;0.055812900328898116
709.75407950951;0.05698726239316566
709.9870906071488;0.05880637225742322
710.22011161443;0.06184589760023332
710.4531425282904;0.05926690640027323
710.6861833456667;0.060694562243108284
710.919234063496;0.06274393917879086
711.1522946787148;0.06060245541453828
711.3853651882604;0.06076364236453578
711.6184455890692;0.06260577893593584
711.8515358780783;0.060095867857403264
712.0846360522246;0.06230643174308333
712.3177461084447;0.05724055617173316
712.5508660436757;0.06018797468597326
712.7839958548543;0.059796520664550754
713.0171355389174;0.06002678773597576
713.2502850928017;0.0583918915288582
713.4834445134444;0.05970441383598075
713.716613797782;0.05954322688598324
713.9497929427515;0.05998073432169076
714.1829819452897;0.05786227726458069
714.4161808023335;0.056112247521750626
714.6493895108197;0.05659580837174314
714.8826080676853;0.05595106057175312
715.1158364698668;0.055881980450325615
715.3490747143014;0.057931357386008187
715.5823227979258;0.05901361262170572
715.8155807176768;0.05680304873602565
716.0488484704913;0.05201349365038549
716.2821260533062;0.048835808064720376
716.5154134630583;0.044345600171932724
716.7487106966844;0.04130607482912262
716.9820177511215;0.03780601534346251
717.2153346233061;0.0346974098792249
717.4486613101755;0.03246381928640232
717.6819978086663;0.036309279379199956
717.9153441157154;0.0318420981935548
718.1487002282596;0.031243403807849783
718.3820661432358;0.02967758772215973
718.6154418575808;0.030184175279294748
718.8488273682315;0.030046015036439742
719.0822226721247;0.0317499913649848
719.3156277661973;0.02910192004359721
719.549042647386;0.03032233552214975
719.7824673126279;0.027605184079334658
720.0159017588597;0.03310856708639234
720.2493459830183;0.03216447209354981
720.4827999820404;0.03290132672210984
720.716263752863;0.04033895312913759
720.9497372924229;0.04570417589334027
721.1832205976569;0.043378478471947694
721.416713665502;0.04390809273622521
721.650216492895;0.045819309429052775
721.8837290767725;0.04844435404329787
722.1172514140717;0.045220615043347755
722.3507835017292;0.047316045393315326
722.5843253366819;0.04471402748621274
722.8178769158668;0.04330939835052019
723.0514382362206;0.03916459106487005
723.2850092946801;0.03904945752915755
723.5185900881823;0.036977053886332475
723.752180613664;0.03886524387201754
723.985780868062;0.03649349303633996
724.2193908483131;0.036931000472047476
724.4530105513543;0.035687558286352436
724.6866399741224;0.03778298863632001
724.9202791135541;0.03587177194349244
725.1539279665864;0.03870405692202004
725.3875865301561;0.037230347664899986
725.6212548011999;0.04169752885054514
725.8549327766551;0.03292435342925234
726.0886204534581;0.03801325570774501
726.3223178285459;0.036954027179189976
726.5560248988553;0.03999355252200008
726.7897416613233;0.03833562960774002
727.0234681128866;0.03934880472201006
727.257204250482;0.03414476890780488
727.4909500710465;0.03681586693633497
727.724705571517;0.03375331488638237
727.9584707488301;0.039717232036290066
728.1922455999228;0.03900340411487255
728.4260301217319;0.04112186117198262
728.6598243111943;0.037322454493469985
728.8936281652468;0.035733611700637435
729.1274416808263;0.033292780743532355
729.3612648548697;0.04112186117198262
729.5950976843136;0.03711521412918748
729.8289401660951;0.0404771133719926
730.0627922971508;0.0377599619291775
730.2966540744179;0.03925669789344005
730.530525494833;0.0346743831720824
730.7644065553329;0.034605303050654894
730.9982972528547;0.03679284022919247
731.232197584335;0.0405461934934201
731.4661075467109;0.036055985600632445
731.700027136919;0.04114488787912512
731.9339563518961;0.043378478471947694
732.1678951885793;0.04570417589334027
732.4018436439053;0.046371950400472796
732.6358017148111;0.0493654223289979
732.8697693982333;0.04980292976470541
733.1037466911089;0.049457529157567896
733.3377335903748;0.05007925025041542
733.5717300929676;0.05477669850748558
733.8057361958246;0.054016817171783055
734.0397518958821;0.05081610487897545
734.2737771900773;0.05482275192177058
734.507812075347;0.053118775593225524
734.741856548628;0.05141479926468047
734.9759106068572;0.05422405753606556
735.2099742469713;0.04998714342184542
735.4440474659073;0.04971082293613541
735.6781302606021;0.05143782597182297
735.9122226279923;0.05083913158611795
736.1463245650149;0.05139177255753796
736.3804360686067;0.05141479926468047
736.6145571357048;0.053441149493220534
736.8486877632457;0.05323390912893803
737.0828279481664;0.054293137657493065
737.3169776874038;0.055283286064620595
737.5511369778945;0.05332601595750803
737.7853058165756;0.057332663000303166
738.019484200384;0.05327996254322303
738.2536721262563;0.056135274228893126
738.4878695911295;0.053740496686073044
738.7220765919404;0.05654975495745814
738.956293125626;0.05454643143606057
739.1905191891228;0.054983938871768084
739.4247547793681;0.053072722178940525
739.6589998932983;0.05786227726458069
739.8932545278506;0.05602014069318062
740.1275186799616;0.056733968614598146
740.3617923465682;0.05323390912893803
740.5960755246075;0.05698726239316566
740.830368211016;0.05410892400035306
741.0646704027307;0.059796520664550754
741.2989820966884;0.056135274228893126
741.5333032898261;0.05993468090740575
741.7676339790805;0.05719450275744816
742.0019741613885;0.05896755920742072
742.2363238336869;0.05853005177171321
742.4706829929125;0.05724055617173316
742.7050516360024;0.05878334555028072
742.9394297598932;0.061914977721660824
743.1738173615217;0.06582951793588596
743.4082144378251;0.06170773735737831
743.6426209857398;0.060694562243108284
743.877037002203;0.06106298955738829
744.1114624841514;0.057931357386008187
744.3458974285219;0.06113206967881579
744.5803418322512;0.05947414676455574
744.8147956922762;0.06076364236453578
745.0492590055339;0.057931357386008187
745.283731768961;0.0583688648217157
745.5182139794945;0.06150049699309581
745.7527056340712;0.06007284115026076
745.9872067296277;0.05935901322884324
746.2217172631011;0.06097088272881829
746.4562372314282;0.06253669881450834
746.6907666315459;0.06244459198593834
746.925305460391;0.06154655040738081
747.1598537149001;0.05972744054312325
747.3944113920105;0.06080969577882078
747.6289784886587;0.06361895405020589
747.8635550017818;0.05963533371455324
748.0981409283164;0.06145444357881081
748.3327362651996;0.062490645400223345
748.567341009368;0.0612472032145283
748.8019551577586;0.06237551186451084
749.0365787073083;0.06251367210736584
749.2712116549537;0.06085574919310579
749.5058539976319;0.06150049699309581
749.7405057322796;0.060694562243108284
749.9751668558338;0.05975046725026575
750.2098373652311;0.06239853857165334
750.4445172574086;0.06113206967881579
750.679206529303;0.05809254433600569
750.9139051778512;0.05880637225742322
751.1486131999901;0.05988862749312075
751.3833305926564;0.05876031884313822
751.6180573527871;0.06454002233590592
751.852793477319;0.05952020017884074
752.0875389631889;0.06048732187882577
752.3222938073336;0.06207616467165833
752.5570580066901;0.06023402810025826
752.7918315581951;0.05905966603599073
753.0266144587856;0.05905966603599073
753.2614067053984;0.057033315807450656
753.4962082949703;0.05938203993598574
753.731019224438;0.05880637225742322
753.9658394907386;0.05882939896456572
754.200669090809;0.06025705480740077
754.4355080215857;0.05698726239316566
754.6703562800059;0.056411594714603136
754.9052138630062;0.06011889456454576
755.1400807675236;0.05756293007172818
755.374956990495;0.05956625359312574
755.609842528857;0.05876031884313822
755.8447373795466;0.061638657235950814
756.0796415395007;0.05977349395740825
756.3145550056561;0.05965836042169575
756.5494777749495;0.05958928030026824
756.7844098443179;0.06074061565739328
757.0193512106982;0.057378716414588166
757.2543018710272;0.05724055617173316
757.4892618222417;0.06048732187882577
757.7242310612786;0.05590500715746812
757.9592095850746;0.05744779653601567
758.1941973905667;0.05850702506457071
758.4291944746918;0.056181327643178125
758.6642008343867;0.053072722178940525
758.8992164665881;0.04876672794329288
759.134241368233;0.03506583719350491
759.3692755362582;0.02907889333645471
759.6043189676005;0.02205574765799197
759.8393716591968;0.01261479772956665
760.074433607984;0.011509515786726612
760.3095048108989;0.007088388015366463
760.5445852648784;0.007249574965363968
760.7796749668591;0.0059140259510989225
761.0147739137782;0.010910821401021592
761.2498821025723;0.014710228079534222
761.4849995301784;0.01768067330091682
761.7201261935331;0.01675960501521679
761.9552620895737;0.015170762222384237
762.1904072152366;0.012706904558136653
762.4255615674589;0.011072008351019097
762.6607251431773;0.009805539458181555
762.8958979393287;0.01259177102242415
763.1310799528501;0.010657527622454083
763.366271180678;0.014572067836679217
763.6014716197496;0.014825361615246726
763.8366812670017;0.016206964043796773
764.071900119371;0.018049100615196833
764.3071281737942;0.019868210479454397
764.5423654272086;0.020697171936584425
764.7776118765507;0.025233433243657077
765.0128675187575;0.024934086050804567
765.2481323507657;0.02769729090790466
765.4834063695123;0.028457172243607186
765.7186895719341;0.033684234764954864
765.9539819549678;0.034190822322089885
766.1892835155505;0.03651651974348246
766.424594250619;0.036424412914912455
766.6599141571099;0.04017776617914009
766.8952432319604;0.04109883446484012
767.1305814721071;0.045496935529057765
767.3659288744869;0.04409230639336522
767.6012854360366;0.05058583780755044
767.8366511536933;0.044944294557637744
768.0720260243936;0.05056281110040794
768.3074100450743;0.04713183173617532
768.5428032126724;0.05150690609325047
768.7782055241248;0.05063189122183544
769.0136169763682;0.05185230670038798
769.2490375663394;0.05125361231468296
769.4844672909755;0.051276639021825464
769.7199061472132;0.05263521474323301
769.9553541319893;0.05100031853611545
770.1908112422407;0.051898360114672984
770.4262774749042;0.05383260351464305
770.6617528269167;0.05698726239316566
770.8972372952151;0.05443129790034807
771.1327308767361;0.05088518500040295
771.3682335684166;0.05413195070749556
771.6037453671935;0.04989503659327541
771.8392662700037;0.05275034827894551
772.0747962737839;0.052358894257523
772.310335375471;0.054270110950350565
772.545883572002;0.05065491792897794
772.7814408603135;0.052543107914663004
773.0170072373426;0.05102334524325795
773.2525827000258;0.052474027793235505
773.4881672453002;0.053118775593225524
773.7237608701028;0.05509907240748059
773.9593635713701;0.05380957680750055
774.1949753460391;0.05385563022178555
774.4305961910466;0.05012530366470042
774.6662261033296;0.0525661346218055
774.9018650798248;0.053095748886083025
775.1375131174691;0.05353325632179054
775.3731702131993;0.05093123841468795
775.6088363639524;0.053671416564645545
775.844511566665;0.052497054500378004
776.0801958182741;0.053072722178940525
776.3158891157166;0.05077005146469044
776.5515914559292;0.04925028879328539
776.7873028358489;0.04994109000756042
777.0230232524124;0.05477669850748558
777.2587527025566;0.051622039628962973
777.4944911832185;0.05631948788603313
777.7302386913348;0.05081610487897545
777.9659952238422;0.05413195070749556
778.2017607776778;0.05053978439326544
778.4375353497784;0.05321088242179553
778.6733189370807;0.05102334524325795
778.9091115365218;0.055766846914613116
779.1449131450383;0.05261218803609051
779.3807237595671;0.053487202907505534
779.6165433770452;0.05040162415041043
779.8523719944093;0.05569776679318561
780.0882096085962;0.04922726208614289
780.324056216543;0.05053978439326544
780.5599118151863;0.05033254402898293
780.7957764014631;0.05298061535037052
781.0316499723101;0.0494805558647104
781.2675325246643;0.05203652035752799
781.5034240554623;0.046325896986187796
781.7393245616413;0.054868805336055586
781.9752340401379;0.04966476952185041
782.2111524878891;0.0523819209646655
782.4470799018316;0.05150690609325047
782.6830162789022;0.05173717316467548
782.918961616038;0.04895094160043288
783.1549159101756;0.05024043720041293
783.3908791582521;0.05074702475754794
783.6268513572041;0.053141802300368024
783.8628325039687;0.051622039628962973
784.0988225954825;0.05044767756469543
784.3348216286823;0.048214086971872856
784.5708296005052;0.04971082293613541
784.806846507888;0.04745420563617033
785.0428723477676;0.04925028879328539
785.2789071170805;0.044230466636220225
785.5149508127639;0.04837527392187036
785.7510034317545;0.04505942809335025
785.9870649709892;0.04480613431478274
786.2231354274048;0.04314821140052268
786.4592147979382;0.045128508214777756
786.6953030795262;0.04538180199334526
786.9314002691057;0.046970644786177816
787.1675063636135;0.045819309429052775
787.4036213599863;0.04722393856474533
787.6397452551614;0.046740377714752805
787.8758780460752;0.048513434164725366
788.1120197296647;0.044299546757647724
788.3481703028668;0.044829161021925246
788.5843297626183;0.04149028848626263
788.820498105856;0.045750229307625276
789.0566753295169;0.043700852371942704
789.2928614305376;0.04160542202197513
789.5290564058553;0.03840470972916753
789.7652602524064;0.03999355252200008
790.001472967128;0.04043105995770759
790.2376945469572;0.043654798957657705
790.4739249888304;0.03992447240057258
790.7101642896846;0.04149028848626263
790.9464124464567;0.03957907179343507
791.1826694560835;0.04284886420767017
791.418935315502;0.03902643082201505
791.6552100216488;0.04234227665053516
791.891493571461;0.040937647514842614
792.1277859618752;0.043954146150510215
792.3640871898283;0.04003960593628508
792.6003972522574;0.04264162384338767
792.836716146099;0.04114488787912512
793.0730438682901;0.04625681686476029
793.3093804157677;0.03854286997202253
793.5457257854684;0.0406843537362751
793.7820799743291;0.043977172857652715
794.0184429792869;0.0405692202005626
794.2548147972782;0.04119094129341012
794.4911954252402;0.04098370092912761
794.7275848601097;0.03955604508629256
794.9639830988234;0.041236994707695124
795.2003901383182;0.03872708362916254
795.4368059755311;0.04160542202197513
795.6732306073988;0.03683889364347747
795.909664030858;0.03999355252200008
796.1461062428459;0.035825718529207434
796.3825572402991;0.03840470972916753
796.6190170201546;0.036700733400622465
796.8554855793492;0.03967117862200507
797.0919629148195;0.03875011033630504
797.3284490235027;0.04190476921482764
797.5649439023356;0.04160542202197513
797.8014475482548;0.04225016982196515
798.0379599581973;0.03872708362916254
798.2744811291001;0.03934880472201006
798.5110110578999;0.036977053886332475
798.7475497415334;0.03960209850057757
798.9840971769377;0.03833562960774002
799.2206533610495;0.03888827057916004
799.4572182908056;0.035802691822064935
799.6937919631431;0.0376678551006075
799.9303743749986;0.034628329757797394
800.1669655233089;0.036907973764904976
800.4035654050112;0.03808233582917252
800.640174017042;0.03997052581485758
800.8767913563383;0.03674678681490747
801.1134174198371;0.03914156435772755
801.3500522044749;0.03504281048636241
801.5866957071887;0.03617111913634495
801.8233479249154;0.036424412914912455
802.0600088545918;0.035710584993494936
802.2966784931548;0.035134917314932415
802.5333568375412;0.038496816557737526
802.7700438846879;0.037207320957757486
803.0067396315316;0.03681586693633497
803.2434440750093;0.03310856708639234
803.4801572120577;0.03801325570774501
803.7168790396139;0.034305955857802384
803.9536095546146;0.037921148879175005
804.1903487539965;0.03278619318639733
804.4270966346967;0.03435200927208739
804.6638531936519;0.03501978377921991
804.900618427799;0.037000080593474975
805.1373923340749;0.035802691822064935
805.3741749094162;0.04174358226483014
805.6109661507601;0.037023107300617475
805.847766055043;0.04146726177912013
806.0845746192023;0.03810536253631502
806.3213918401746;0.04079948727198761
806.5582177148965;0.03780601534346251
806.7950522403052;0.03914156435772755
807.0318954133373;0.036286252672057456
807.2687472309299;0.03923367118629755
807.5056076900197;0.03861195009345003
807.7424767875435;0.03614809242920245
807.9793545204382;0.037644828393465
808.2162408856406;0.0374836414434675
808.4531358800876;0.03382239500780987
808.6900395007161;0.035756638407779935
808.9269517444629;0.035526371336354924
809.1638726082648;0.037023107300617475
809.4008020890587;0.034812543414937405
809.6377401837815;0.03525005085064492
809.87468688937;0.03506583719350491
810.1116422027609;0.037644828393465
810.3486061208913;0.031796044779269804
810.5855786406978;0.036677706693479965
810.8225597591174;0.03313159379353484
811.059549473087;0.03644743962205496
811.2965477795434;0.033638181350669864
811.5335546754233;0.030345362229292253
811.7705701576638;0.03326975403638985
812.0075942232014;0.027190703350769646
812.2446268689733;0.029631534307874727
812.4816680919162;0.02788150456504467
812.7187178889669;0.02820387846503968
812.9557762570623;0.021894560707994466
813.1928431931393;0.023091949479404506
813.4299186941347;0.020098477550879405
813.6670027569853;0.02175640046513946
813.904095378628;0.022401148265129484
814.1411965559997;0.022170881193704473
814.3783062860372;0.02067414522944192
814.6154245656772;0.020973492422294432
814.8525513918568;0.0200754508437369
815.0896867615127;0.021042572543721935
815.3268306715818;0.01908530243660937
815.5639831190008;0.020420851450874414
815.8011441007068;0.01468720137239172
816.0383136136364;0.014111533693829201
816.2754916547267;0.013443759186696679
816.5126782209144;0.01646025782236428
816.7498733091362;0.016345124286651778
816.9870769163293;0.01673657830807429
817.2242890394302;0.015769456608089257
817.4615096753761;0.017588566472346818
817.6987388211035;0.01293717162956166
817.9359764735494;0.015723403193804254
818.1732226296507;0.015032601979529232
818.4104772863443;0.018302394393764344
818.6477404405667;0.016828685136644293
818.8850120892552;0.01823331427233684
819.1222922293464;0.016943818672356798
819.359580857777;0.019614916700886886
819.5968779714842;0.01908530243660937
819.8341835674047;0.023368269965114513
820.0714976424753;0.021341919736574445
820.3088201936329;0.02677622262220463
820.5461512178142;0.022723522165124493
820.7834907119562;0.027144649936484643
821.0208386729959;0.02495711275794707
821.2581950978698;0.024841979222234564
821.4955599835149;0.022516281800841986
821.7329333268681;0.024519605322239554
821.9703151248663;0.019730050236599392
822.207705374446;0.017450406229491813
822.4451040725446;0.010979901522449095
822.6825112160985;0.011578595908154115
822.9199268020448;0.011002928229591596
823.1573508273202;0.015354975879524243
823.3947832888615;0.017151059036639302
823.6322241836058;0.02037479803658941
823.8696735084895;0.01878595524375686
824.10713126045;0.025348566779369582
824.3445974364239;0.024496578615097055
824.5820720333479;0.027190703350769646
824.819555048159;0.027927557979329668
825.0570464777942;0.02405907117938954
825.29454631919;0.01966097011517189
825.5320545692834;0.023690643865109526
825.7695712250113;0.023207083015117008
826.0070962833106;0.023966964350819533
826.2446297411179;0.025947261165074603
826.4821715953703;0.025325540072227083
826.7197218430047;0.025233433243657077
826.9572804809577;0.02355248362225452
827.1948475061662;0.021272839615146942
827.4324229155671;0.022907735822264498
827.6700067060973;0.01876292853661436
827.9075988746936;0.022401148265129484
828.1451994182928;0.020743225350869424
828.3828083338319;0.022815628993694496
828.6204256182476;0.023114976186547006
828.8580512684767;0.024496578615097055
829.0956852814562;0.020720198643726925
829.3333276541229;0.0258781810436471
829.5709783834136;0.022838655700836995
829.8086374662652;0.023299189843687014
830.0463048996145;0.021019545836579435
830.2839806803984;0.024243284836529544
830.5216648055537;0.022907735822264498
830.7593572720172;0.0229537892365495
830.9970580767258;0.01966097011517189
831.2347672166165;0.020904412300866933
831.472484688626;0.02177942717228196
831.7102104896911;0.021526133393714453
831.9479446167487;0.022101801072276973
832.1856870667358;0.023045896065119503
832.4234378365888;0.021549160100856952
832.6611969232451;0.023345243257972013
832.8989643236413;0.02145705327228695
833.1367400347141;0.024726845686522062
833.3745240534006;0.022309041436559478
833.6123163766375;0.025210406536514577
833.8501170013617;0.023391296672257016
834.08792592451;0.027259783472197145
834.3257431430193;0.02382880410796453
834.5635686538265;0.026868329450774633
834.8014024538683;0.026108448115072107
835.0392445400815;0.025786074215077098
835.2770949094033;0.02355248362225452
835.5149535587702;0.024197231422244544
835.7528204851193;0.02318405630797451
835.9906956853871;0.025026192879374572
836.2285791565107;0.02530251336508458
836.466470895427;0.03092102990785477
836.7043708990728;0.026592008965064626
836.9422791643849;0.025509753729367087
837.1801956883;0.02495711275794707
837.4181204677553;0.027559130665049655
837.6560534996872;0.026684115793634628
837.893994781033;0.02790453127218717
838.1319443087293;0.02649990213649462
838.3699020797129;0.029332187115022217
838.6078680909209;0.02758215737219216
838.8458423392899;0.030414442350719755
839.0838248217568;0.02824993187932468
839.3218155352586;0.030345362229292253
839.5598144767318;0.028940733093599704
839.7978216431136;0.028733492729317196
840.0358370313409;0.02850322565789219
840.2738606383501;0.028986786507884707
840.5118924610784;0.026223581650784613
840.7499324964626;0.028687439315032197
840.9879807414395;0.025417646900797085
841.226037192946;0.02917100016502471
841.4641018479189;0.028848626265029702
841.702174703295;0.030391415643577252
841.9402557560112;0.026638062379349625
842.1783450030044;0.030391415643577252
842.4164424412114;0.0287795461436022
842.6545480675691;0.030759842957857265
842.8926618790142;0.03029930881500725
843.1307838724837;0.03142761746498979
843.3689140449143;0.02942429394359222
843.607052393243;0.02937824052930722
843.8451989144066;0.02997693491501224
844.0833536053419;0.029516400772162225
844.3215164629858;0.02797361139361467
844.5596874842751;0.03062168271500226
844.7978666661468;0.028756519436459696
845.0360540055374;0.029608507600732227
845.2742494993842;0.02937824052930722
845.5124531446236;0.030759842957857265
845.7506649381927;0.030345362229292253
845.9888848770285;0.03644743962205496
846.2271129580674;0.02997693491501224
846.4653491782468;0.032694086357827334
846.703593534503;0.030713789543572265
846.9418460237732;0.0317269646578423
847.1801066429942;0.03221052550783481
847.4183753891027;0.03322370062210485
847.6566522590358;0.030967083322139773
847.8949372497301;0.032095391972122314
848.1332303581224;0.029585480893589727
848.3715315811498;0.03147367087927479
848.6098409157491;0.028710466022174697
848.8481583588571;0.029631534307874727
849.0864839074106;0.03386844842209487
849.3248175583464;0.028434145536464686
849.5631593086015;0.027006489693629638
849.8015091551126;0.027467023836479653
850.0398670948167;0.024726845686522062
850.2782331246506;0.027605184079334658
850.516607241551;0.029861801379299734
850.7549894424549;0.03158880441498729
850.9933797242992;0.028111771636469676
851.2317780840206;0.029217053579309715
851.4701845185559;0.02818085175789718
851.7085990248422;0.02797361139361467
851.9470215998161;0.030483522472147258
852.1854522404146;0.03131248392927728
852.4238909435745;0.030391415643577252
852.6623377062326;0.028733492729317196
852.9007925253259;0.02737491700790965
853.1392553977911;0.028019664807899674
853.377726320565;0.026592008965064626
853.6162052905846;0.025072246293659572
853.8546923047868;0.02173337375799696
854.0931873601081;0.02355248362225452
854.3316904534857;0.021410999858001947
854.5702015818564;0.025049219586517072
854.8087207421568;0.02233206814370198
855.0472479313239;0.028065718222184673
855.2857831462948;0.02500316617223207
855.524326384006;0.0316578845364148
855.7628776413944;0.02859533248646219
856.001436915397;0.03059865600785976
856.2400042029504;0.02970061442930223
856.4785795009917;0.03027628210786475
856.7171628064577;0.030713789543572265
856.9557541162852;0.028756519436459696
857.1943534274111;0.02822690517218218
857.4329607367721;0.030414442350719755
857.6715760413051;0.027743344322189663
857.910199337947;0.030437469057862255
858.1488306236347;0.029562454186447224
858.387469895305;0.03062168271500226
858.6261171498948;0.029470347357877222
858.8647723843407;0.03089800320071227
859.1034355955799;0.030184175279294748
859.3421067805489;0.02820387846503968
859.5807859361848;0.03161183112212979
859.8194730594245;0.02912494675073971
860.0581681472046;0.031105243564994778
860.296871196462;0.031059190150709775
860.5355822041337;0.02919402687216721
860.7743011671564;0.032440792579259824
861.0130280824671;0.02797361139361467
861.2517629470025;0.0318881516078398
861.4905057576996;0.028756519436459696
861.729256511495;0.028848626265029702
861.9680152053259;0.02967758772215973
862.2067818361287;0.030529575886432257
862.4455564008406;0.029286133700737217
862.6843388963983;0.02649990213649462
862.9231293197388;0.02739794371505215
863.1619276677988;0.028664412607889694
863.4007339375152;0.02649990213649462
863.6395481258247;0.029309160407879717
863.8783702296644;0.0259012077507896
864.117200245971;0.030644709422144763
864.3560381716815;0.02705254310791464
864.5948840037324;0.028457172243607186
864.8337377390609;0.026361741893639615
865.0725993746037;0.029608507600732227
865.3114689072976;0.0288716529721722
865.5503463340796;0.02917100016502471
865.7892316518864;0.022608388629411988
866.0281248576549;0.025049219586517072
866.267025948322;0.024726845686522062
866.5059349208245;0.026108448115072107
866.7448517720993;0.02316102960083201
866.9837764990831;0.02408209788653204
867.2227090987129;0.023091949479404506
867.4616495679254;0.025118299707944575
867.7005979036577;0.02438144507938455
867.9395541028464;0.02525645995079958
868.1785181624285;0.025394620193654585
868.4174900793407;0.026568982257922123
868.65646985052;0.024565658736524554
868.8954574729031;0.0258551543365046
869.134452943427;0.023299189843687014
869.3734562590284;0.026684115793634628
869.6124674166442;0.024220258129387044
869.8514864132114;0.02769729090790466
870.0905132456667;0.023897884229392034
870.3295479109469;0.02679924932934713
870.5685904059889;0.025072246293659572
870.8076407277296;0.02769729090790466
871.0466988731058;0.024865005929377064
871.2857648390543;0.027605184079334658
871.524838622512;0.024013017765104536
871.7639202204158;0.02677622262220463
872.0030096297025;0.022838655700836995
872.242106847309;0.022838655700836995
872.481211870172;0.023598537036539524
872.7203246952284;0.02380577740082203
872.9594453194153;0.026384768600782118
873.1985737396692;0.024841979222234564
873.437709952927;0.02645384872220962
873.6768539561257;0.02346037679368452
873.9160057462021;0.025371593486512082
874.155165320093;0.024128151300817042
874.3943326747353;0.023598537036539524
874.6335078070657;0.023667617157967023
874.8726907140214;0.025624887265079593
875.1118813925387;0.02417420471510204
875.3510798395552;0.024289338250814547
875.590286052007;0.022769575579409493
875.8295000268313;0.02495711275794707
876.0687217609649;0.023598537036539524
876.3079512513447;0.02226298802227448
876.5471884949075;0.022976815943692
876.78643348859;0.023091949479404506
877.0256862293294;0.023068922772262003
877.2649467140623;0.02357551032939702
877.5042149397254;0.02118073278657694
877.743490903256;0.024036044472247036
877.9827746015906;0.02207877436513447
878.222066031666;0.02385183081510703
878.4613651904193;0.02113467937229194
878.7006720747872;0.024841979222234564
878.9399866817066;0.024542632029382054
879.1793090081144;0.024496578615097055
879.4186390509473;0.02085835888658193
879.6579768071422;0.024496578615097055
879.897322273636;0.02028269120801941
880.1366754473654;0.023736697279394526
880.3760363252675;0.02037479803658941
880.615404904279;0.022470228386556983
880.8547811813366;0.021549160100856952
881.0941651533775;0.021641266929426955
881.3335568173383;0.019499783165174384
881.5729561701559;0.022723522165124493
881.8123632087671;0.018670821708044356
882.0517779301088;0.021894560707994466
882.2912003311178;0.01915438255803687
882.5306304087311;0.021295866322289445
882.7700681598853;0.02025966450087691
883.0095135815176;0.023920910936534534
883.2489666705644;0.020950465715151932
883.488427423963;0.02175640046513946
883.7278958386499;0.02058203840087192
883.967371911562;0.022884709115122
884.2068556396364;0.020628091815156922
884.4463470198097;0.02145705327228695
884.6858460490188;0.02088138559372443
884.9253527242006;0.021019545836579435
885.1648670422918;0.01915438255803687
885.4043890002295;0.019315569508034376
885.6439185949504;0.016644471479504288
885.8834558233913;0.016920791965214295
886.1230006824891;0.01763461988663182
886.3625531691806;0.021088625958006937
886.6021132804028;0.02028269120801941
886.8416810130924;0.01857871487947435
887.0812563641863;0.01913135585089437
887.3208393306213;0.020927439008009432
887.5604299093343;0.016920791965214295
887.8000280972622;0.0200524241365944
888.0396338913417;0.01795699378662683
888.2792472885097;0.023966964350819533
888.5188682857033;0.01908530243660937
888.758496879859;0.02145705327228695
888.9981330679137;0.019223462679464374
889.2377768468044;0.021894560707994466
889.4774282134679;0.015378002586666743
889.7170871648409;0.02055901169372942
889.9567536978604;0.015331949172381742
890.1964278094633;0.018970168900896867
890.4361094965863;0.016345124286651778
890.6757987561663;0.01903924902232437
890.9154955851402;0.01616091062951177
891.1551999804446;0.015930643558086762
891.3949119390169;0.015976696972371765
891.6346314577933;0.020305717915161912
891.8743585337111;0.017450406229491813
892.114093163707;0.018095154029481836
892.3538353447177;0.014019426865259197
892.5935850736803;0.017151059036639302
892.8333423475316;0.01468720137239172
893.0731071632082;0.01793396707948433
893.3128795176473;0.014618121250964218
893.5526594077854;0.01675960501521679
893.7924468305597;0.014779308200961723
894.0322417829068;0.011601622615296616
894.2720442617637;0.0111871418867316
894.511854264067;0.012407557365284143
894.7516717867538;0.009874619579609056
894.9914968267609;0.009275925193904036
895.2313293810251;0.006996281186796459
895.4711694464831;0.010196993479604068
895.7110170200722;0.006927201065368957
895.9508720987288;0.007410761915361473
896.1907346793898;0.0065818004582314455
896.4306047589923;0.00791734947249649
896.6704823344729;0.0063285066796639365
896.9103674027687;0.006236399851093933
897.1502599608162;0.007180494843936466
897.3901600055525;0.008884471172481524
897.6300675339145;0.006282453265378935
897.8699825428388;0.007940376179638992
898.1099050292624;0.00674298740822895
898.3498349901222;0.007733135815356484
898.5897724223549;0.002828447194003818
898.8297173228974;0.003933729136843855
899.0696696886866;0.003381088165423837
899.3096295166595;0.0067890408225139524
899.5495968037525;0.004140969501126362
899.7895715469028;0.005223224736823899
900.0295537430472;0.0007790702583212485
900.2695433891225;0.004900850836828888
900.5095404820655;0.0037034620654188477
900.7495450188133;0.0031047676797138274
900.9895569963023;0.003887675722558854
901.2295764114698;0.005315331565393902
901.4696032612522;0.0047857173011163845
901.7096375425868;0.0063285066796639365
901.9496792524102;0.004900850836828888
902.1897283876593;0.005154144615396397
902.429784945271;0.0031738478011413295
902.6698489221819;0.007226548258221467
902.9099203153293;0.00759497557250148
903.1499991216494;0.008055509715351496
903.3900853380799;0.007456815329646475
903.6301789615568;0.007433788622503974
903.8702799890174;0.005798892415386419
904.1103884173986;0.008562097272486512
904.350504243637;0.004094916086841361
904.5906274646696;0.00701930789393896
904.8307580774333;0.008331830201061504
905.0708960788647;0.007065361308223962
905.3110414659009;0.006881147651083956
905.5511942354786;0.007180494843936466
905.7913543845348;0.006650880579658948
906.0315219100062;0.006812067529656453
906.2716968088297;0.005729812293958916
906.5118790779421;0.0061212663153814295
906.7520687142803;0.003150821093998829
906.9922657147813;0.00701930789393896
907.2324700763817;0.003795568893988851
907.4726817960183;0.006835094236798954
907.7129008706281;0.004417289986836372
907.9531272971482;0.006098239608238929
908.1933610725149;0.0037264887725613487
908.4336021936655;0.002920554022573821
908.6738506575365;0.002713313658291314
908.914106461065;0.002644233536863812
909.1543696011879;0.002644233536863812
909.3946400748418;0.0023218596368688007
909.6349178789636;0.003150821093998829
909.8752030104903;0.003680435358276347
910.1154954663587;0.0016080317154512766
910.3557952435056;0.0049929576653988915
910.5961023388677;0.0045784769368338776
910.8364167493821;0.0043251831582663686
911.0767384719855;0.0031968745082838305
911.317067503615;0.006466666922518942
911.5574038412071;0.0037264887725613487
911.7977474816987;0.0063285066796639365
912.0380984220269;0.004831770715401386
912.2784566591283;0.004624530351118879
912.5188221899399;0.0016540851297362782
912.7591950113984;0.004117942793983862
912.9995751204408;0.0012165776940287634
913.2399625140039;0.005039011079683893
913.4803571890244;0.00038761623689873524
913.7207591424394;0.004969930958256391
913.9611683711855;0.001561978301166275
914.2015848721999;0.0035192484082788413
914.442008642419;0.0024600198797238054
914.6824396787798;0.0047857173011163845
914.9228779782194;0.0004336696511837368
915.1633235376744;0.0022758062225837995
915.4037763540816;0.004163996208268864
915.6442364243782;0.004394263279693871
915.8847037455006;0.002943580729716322
916.125178314386;0.0061673197296664315
916.365660127971;0.00377254218684635
916.6061491831924;0.004601503643976378
916.8466454769874;0.0009863106226037555
917.0871490062925;0.0025521267082938086
917.3276597680448;0.0015159248868812736
917.568177759181;0.0011244708654587602
917.808702976638;0.001792245372591283
918.0492354173525;0.005039011079683893
918.2897750782616;0.003680435358276347
918.530321956302;0.004969930958256391
918.7708760484106;0.0018152720797337837
919.0114373515243;0.004877824129686388
919.2520058625797;0.0030817409725713268
919.4925815785139;0.005108091201111395
919.7331644962636;0.0034731949939938397
919.9737546127658;0.007733135815356484
920.2143519249572;0.003795568893988851
920.4549564297747;0.005292304858251402
920.6955681241551;0.003565301822563843
920.9361870050354;0.004233076329696365
921.1768130693523;0.007272601672506469
921.4174463140428;0.005937052658241423
921.6580867360434;0.00674298740822895
921.8987343322914;0.005983106072526425
922.1393890997234;0.003588328529706344
922.3800510352763;0.006512720336803943
922.6207201358869;0.0034962217011363407
922.861396398492;0.005315331565393902
923.1020798200287;0.002436993172581305
923.3427703974336;0.004463343401121374
923.5834681276436;0.002229752808298798
923.8241730075956;0.003979782551128857
924.0648850342263;0.005637705465388913
924.3056042044728;0.005384411686821405
924.5463305152717;0.004163996208268864
924.7870639635602;0.004163996208268864
925.0278045462746;0.004117942793983862
925.2685522603523;0.004716637179688882
925.5093071027297;0.0038416223082738525
925.750069070344;0.006213373143951433
925.990838160132;0.005108091201111395
926.2316143690302;0.004233076329696365
926.4723976939758;0.004163996208268864
926.7131881319056;0.004256103036838867
926.9539856797563;0.0010784174511737586
927.1947903344649;0.0011705242797437618
927.4356020929681;0.002229752808298798
927.676420952203;0.002736340365433815
927.9172469091061;0.0007099901368937462
928.1580799606145;0.0007560435511787477
928.398920103665;0.00024945599404373056
928.6397673351944;0.0010093373297462562
928.8806216521396;0.0013317112297412672
929.1214830514373;0.001032364036888757
929.3623515300245;0.0012856578154562656
929.6032270848381;0.0010553907440312578
929.8441097128149;0.0008020969654637493
930.0849994108914;0.0031738478011413295
930.3258961760051;0.002713313658291314
930.5668000050924;0.0032889813368538337
930.8077108950902;-4.9891198808779613e-05
931.0486288429354;0.000410642944041236
931.2895538455649;-0.0010170128987938125
931.5304858999154;0.0009863106226037555
931.771425002924;-0.0009709594845088109
932.0123711515273;-0.0004413452202312929
932.2533243426622;-0.0008327992416538062
932.4942845732655;-0.0007176657059413023
932.7352518402744;-0.0018229476487813397
932.9762261406253;0.0019534323225887883
933.2172074712553;-2.6864491666278836e-05
933.4581958291011;0.0007560435511787477
933.6991912110997;-0.0004413452202312929
933.9401936141877;-0.0009018793630813085
934.1812030353022;0.0014468447654537712
934.4222194713801;0.00013432245833122663
934.6632429193579;0.0012856578154562656
934.9042733761728;0.00036458952975623445
935.1453108387615;0.0007790702583212485
935.3863553040609;-0.0009479327773663101
935.6274067690076;0.0016080317154512766
935.8684652305388;-0.000326211684518789
936.1095306855912;-0.001270306677361321
936.3506031311016;-0.001592680577356332
936.591682564007;-0.0018459743559238405
936.8327689812439;-0.002859149470193875
937.0738623797496;-0.0017768942344963381
937.3149627564608;-0.0023755886202013587
937.5560701083141;0.0012856578154562656
937.7971844322465;-0.0008327992416538062
938.0383057251951;0.0008942037940337524
938.2794339840963;0.00015734916547372743
938.5205692058872;0.0017461919583062814
938.7617113875046;0.0005027497726112391
939.0028605258856;0.0016540851297362782
939.2440166179666;0.0008020969654637493
939.4851796606847;0.0021146192725862937
939.7263496509768;-0.0009018793630813085
939.9675265857795;-3.837784523778054e-06
940.2087104620299;-0.0006716122916563007
940.4499012766647;0.00036458952975623445
940.691099026621;-0.0016617606987838344
940.9323037088352;-0.0003031849773762882
941.1735153202445;-0.0007637191202263038
941.4147338577857;0.0001803758726162282
941.6559593183955;-0.0017078141130688358
941.8971916990108;0.00024945599404373056
942.1384309965686;-0.002444668741628861
942.3796772080057;-3.837784523778054e-06
942.6209303302586;-0.0015005737487863288
942.8621903602647;-0.0009939861916513117
943.1034572949604;-0.0015466271630713304
943.3447311312829;0.0011935509868862626
943.5860118661687;-0.0004183185130887921
943.8272994965549;0.0021376459797287947
944.0685940193782;0.00020340257975872897
944.3098954315756;0.0019073789083037867
944.5512037300839;-0.0004413452202312929
944.7925189118397;6.524233690372429e-05
945.0338409737802;-0.001477547041643828
945.2751699128422;-0.0013163600916463226
945.5165057259622;-0.0015005737487863288
945.7578484100776;-0.000326211684518789
945.9991979621248;-0.003365737027328892
946.2405543790408;-0.0011091197273638157
946.4819176577623;-0.0004643719273737937
946.7232877952265;-0.00011897132023628196
946.9646647883699;-0.0015236004559288296
947.2060486341296;0.0007560435511787477
947.4474393294423;-0.0008327992416538062
947.6888368712448;0.00011129575118872586
947.9302412564741;6.524233690372429e-05
948.171652482067;0.0002955094083287321
948.4130705449603;0.0005948566011812422
948.6544954420908;0.0013086845225987664
948.8959271703955;0.0006869634297512454
949.1373657268111;0.0016310584225937774
949.3788111082746;-0.00048739863451629443
949.6202633117226;-0.0010170128987938125
949.8617223340923;-0.000326211684518789
950.1031881723203;-0.0010170128987938125
950.3446608233434;-0.0008097725345113054
950.5861402840986;-0.0016387339916413336
950.8276265515228;-0.0013624135059313242
951.0691196225526;-0.001155173141648817
951.3106194941251;-0.0017308408202113365
951.5521261631769;-0.0001880514416637843
951.7936396266451;-0.001385440213073825
952.0351598814666;8.826904404622507e-05
952.2766869245778;0.0006409100154662438
952.5182207529159;0.00034156282261373365
952.7597613634179;-0.00037226509880379055
953.0013087530201;-0.00011897132023628196
953.24286291866;-0.0015005737487863288
953.4844238572738;0.0004336696511837368
953.7259915657988;0.0005948566011812422
953.9675660411718;0.0020455391511587915
954.2091472803295;-0.0015005737487863288
954.4507352802087;-0.0006716122916563007
954.6923300377465;-0.0009709594845088109
954.9339315498796;-0.0006485855845137999
955.1755398135449;-0.0025828289844838656
955.4171548256791;0.0005948566011812422
955.6587765832192;0.0011935509868862626
955.9004050831019;-0.0008097725345113054
956.1420403222642;-0.00011897132023628196
956.383682297643;0.00038761623689873524
956.6253310061749;-0.0032275767844738876
956.8669864447969;0.001561978301166275
957.1086486104459;-0.00039529180594629135
957.3503175000586;0.0017001385440212798
957.591993110572;0.0012856578154562656
957.8336754389229;-0.0015005737487863288
958.0753644820481;-0.0012242532630763194
958.3170602368845;0.0017001385440212798
958.5587627003688;-0.0010400396059363133
958.8004718694381;0.001561978301166275
959.042187741029;-0.0010170128987938125
959.2839103120785;-0.0003031849773762882
959.5256395795235;-0.0006485855845137999
959.7673755403007;-0.0016847874059263352
960.009118191347;-0.0005795054630862976
960.2508675295993;-0.0014084669202163256
960.4926235519943;-0.0013624135059313242
960.7343862554691;-7.291790595128039e-05
960.9761556369602;-0.0017078141130688358
961.2179316934047;0.00036458952975623445
961.4597144217396;-0.0006946389987988015
961.7015038189013;6.524233690372429e-05
961.943299881827;-2.6864491666278836e-05
962.1851026074532;0.0014007913511687696
962.4269119927174;0.0001803758726162282
962.6687280345558;0.0014468447654537712
962.9105507299054;0.0002955094083287321
963.1523800757033;-0.00014199802737878273
963.394216068886;-0.0023525619130588577
963.6360587063906;-0.0006946389987988015
963.8779079851538;-0.0014084669202163256
964.1197639021126;0.0008020969654637493
964.3616264542037;0.0009172305011762532
964.6034956383642;-0.0011321464345063162
964.8453714515306;-0.0006025321702287983
965.0872538906398;-0.00011897132023628196
965.3291429526289;0.000617883308323743
965.5710386344346;-0.001063066313078814
965.8129409329937;4.221562976122351e-05
966.0548498452431;-0.001477547041643828
966.2967653681196;0.002206726101156297
966.5386874985602;0.00024945599404373056
966.7806162335015;-0.0009018793630813085
967.0225515698805;0.0009632839154612548
967.2644935046342;0.002091592565443793
967.5064420346991;0.0021146192725862937
967.7483971570124;0.0014928981797387728
967.9903588685106;0.0017001385440212798
968.2323271661309;-0.0012242532630763194
968.4743020468098;-0.00023410485594878587
968.7162835074844;0.0007099901368937462
968.9582715450914;0.0007330168440362469
969.2002661565677;-0.00011897132023628196
969.4422673388503;0.001354737936883768
969.6842750888759;0.000617883308323743
969.9262894035813;0.00034156282261373365
970.1683102799034;-0.00037226509880379055
970.4103377147791;0.0005948566011812422
970.652371705145;0.0012165776940287634
970.8944122479384;0.003012660851143824
971.1364593400957;0.0017231652511637806
971.378512978554;0.0019764590297312893
971.6205731602502;0.0031047676797138274
971.8626398821209;0.003450168286851339
972.1047131411032;0.0008020969654637493
972.3467929341338;0.002529100001151308
972.5888792581495;0.0003185361154712329
972.8309721100873;-0.0004643719273737937
973.0730714868839;0.0010553907440312578
973.3151773854762;0.0007560435511787477
973.5572898028012;0.0005718298940387415
973.7994087357955;-0.00021107814880628507
974.0415341813962;-0.0020532147202063475
974.2836661365399;-0.00011897132023628196
974.5258045981636;0.0019304056154462875
974.7679495632041;-0.0010860930202213149
975.0101010285982;0.000940257208318754
975.2522589912829;0.001354737936883768
975.4944234481949;0.0005257764797537399
975.736594396271;0.0011935509868862626
975.9787718324483;0.0014928981797387728
976.2209557536635;0.0012626311083137648
976.4631461568533;0.0008942037940337524
976.7053430389548;0.003910702429701355
976.9475463969047;0.001354737936883768
977.1897562276399;0.002713313658291314
977.4319725280972;0.0005027497726112391
977.6741952952134;0.000617883308323743
977.9164245259255;-0.0008788526559388078
978.1586602171703;-4.9891198808779613e-05
978.4009023658847;-0.0002801582702337874
978.6431509690054;0.0015850050083087758
978.8854060234693;-0.0009018793630813085
979.1276675262133;-0.0022604550844888545
979.3699354741741;0.000940257208318754
979.6122098642887;0.0002955094083287321
979.8544906934939;-0.0013163600916463226
980.0967779587266;0.0011705242797437618
980.3390716569236;0.00036458952975623445
980.5813717850217;0.0014238180583112704
980.823678339958;0.0031738478011413295
981.0659913186689;0.0018613254940187851
981.3083107180915;0.0023448863440113017
981.5506365351628;0.002529100001151308
981.7929687668193;0.0021146192725862937
982.0353074099982;0.001147497572601261
982.2776524616361;8.826904404622507e-05
982.5200039186699;0.0024830465868663065
982.7623617780366;-0.000326211684518789
983.0047260366728;0.0015159248868812736
983.2470966915155;0.0007790702583212485
983.4894737395015;0.0019534323225887883
983.7318571775678;-0.00039529180594629135
983.9742470026509;0.0010093373297462562
984.216643211688;0.0011014441583162594
984.4590458016158;0.001354737936883768
984.7014547693711;-0.00039529180594629135
984.9438701118909;0.0022527795154412985
985.186291826112;0.0005488031868962407
985.4287199089711;0.004117942793983862
985.671154357405;0.0020225124440162905
985.9135951683509;0.0036113552368488445
986.1560423387454;0.001469871472596272
986.3984958655254;0.0005948566011812422
986.6409557456277;0.00015734916547372743
986.8834219759891;0.000940257208318754
987.1258945535467;-0.0009018793630813085
987.3683734752371;0.0018152720797337837
987.6108587379972;0.0002724827011862313
987.853350338764;0.0008711770868912517
988.0958482744742;6.524233690372429e-05
988.3383525420646;0.00038761623689873524
988.5808631384721;-0.0004183185130887921
988.8233800606336;0.0013086845225987664
989.0659033054859;0.0006409100154662438
989.3084328699658;0.0022758062225837995
989.5509687510104;0.0018152720797337837
989.7935109455561;0.002436993172581305
990.0360594505402;0.0005948566011812422
990.2786142628993;0.002413966465438804
990.5211753795703;0.0017461919583062814
990.76374279749;0.0018382987868762843
991.0063165135954;0.00036458952975623445
991.2488965248231;0.0008481503797487509
991.4914828281101;0.001354737936883768
991.7340754203933;0.0008711770868912517
991.9766742986095;-7.291790595128039e-05
992.2192794596955;0.0008481503797487509
992.4618909005883;0.0003185361154712329
992.7045086182245;0.00015734916547372743
992.9471326095411;-0.0012933333845038218
993.1897628714748;-0.0001880514416637843
993.4323994009627;0.0021606726868712953
993.6750421949415;0.0028745006082888194
993.9176912503482;-0.000533452048801296
994.1603465641193;0.0010093373297462562
994.403008133192;0.003012660851143824
994.6456759545028;0.0011705242797437618
994.888350024989;0.0018613254940187851
995.1310303415871;0.0015159248868812736
995.373716901234;0.00013432245833122663
995.6164097008667;0.0005948566011812422
995.8591087374219;0.0002724827011862313
996.1018140078365;0.00022642928690122977
996.3445255090473;-0.0005795054630862976
996.5872432379913;0.0005488031868962407
996.8299671916051;0.0005488031868962407
997.0726973668258;-0.0005104253416587952
997.31543376059;6.524233690372429e-05
997.5581763698348;0.001354737936883768
997.8009251914967;0.005407438393963905
998.043680222513;0.0024830465868663065
998.2864414598203;0.0008020969654637493
998.5292089003553;0.00038761623689873524
998.7719825410553;0.0010784174511737586
999.0147623788567;4.221562976122351e-05
999.2575484106966;0.0019073789083037867
999.5003406335115;1.9188922618722727e-05
999.7431390442388;0.002436993172581305
999.985943639815;0.0005718298940387415
1000.2287544171769;0.00011129575118872586
1000.4715713732614;0.0002724827011862313
1000.7143945050055;0.001561978301166275
1000.957223809346;0.00011129575118872586
1001.2000592832197;0.0011014441583162594
1001.4429009235633;6.524233690372429e-05
1001.6857487273138;0.000940257208318754
1001.9286026914082;-0.0001880514416637843
1002.171462812783;0.0011935509868862626
1002.4143290883753;-0.001915054477351343
1002.6572015151219;0.0011935509868862626
1002.9000800899596;-0.0006025321702287983
1003.1429648098252;0.0010093373297462562
1003.3858556716558;0.0011244708654587602
1003.6287526723879;0.0013777646440262688
1003.8716558089586;-0.00048739863451629443
1004.1145650783046;0.002920554022573821
1004.3574804773629;0.0003185361154712329
1004.6004020030701;0.0010784174511737586
1004.8433296523634;0.0004336696511837368
1005.0862634221793;0.0008942037940337524
1005.3292033094549;0.0007099901368937462
1005.572149311127;0.00020340257975872897
1005.8151014241323;-0.0007637191202263038
1006.0580596454076;0.00022642928690122977
1006.3010239718901;-0.0008327992416538062
1006.5439944005165;-2.6864491666278836e-05
1006.7869709282234;0.0001803758726162282
1007.0299535519479;0.0005488031868962407
1007.2729422686267;-0.0013624135059313242
1007.5159370751968;0.0002955094083287321
1007.7589379685951;-0.0011781998487913178
1008.0019449457582;0.0010784174511737586
1008.244958003623;0.0008251236726062501
1008.4879771391265;0.001884352201161286
1008.7310023492055;0.002206726101156297
1008.9740336307967;0.0005948566011812422
1009.2170709808372;-0.0009479327773663101
1009.4601143962637;0.002506073294008807
1009.703163874013;0.0014007913511687696
1009.946219411022;-0.000533452048801296
1010.1892810042275;4.221562976122351e-05
1010.4323486505664;0.0007099901368937462
1010.6754223469757;-0.0013393867987888234
1010.9185020903919;0.00015734916547372743
1011.1615878777521;-0.0009939861916513117
1011.4046797059932;0.0014468447654537712
1011.6477775720518;-7.291790595128039e-05
1011.890881472865;-0.000855825948796307
1012.1339914053696;1.9188922618722727e-05
1012.3771073665022;0.0013777646440262688
1012.6202293532;-0.0007406924130838031
1012.8633573623995;0.0017231652511637806
1013.1064913910377;0.0006639367226087446
1013.3496314360516;0.0022758062225837995
1013.592777494378;0.0023448863440113017
1013.8359295629534;0.0024830465868663065
1014.0790876387151;0.0009632839154612548
1014.3222517185997;0.0017461919583062814
1014.5654217995441;-9.594461309378118e-05
1014.8085978784852;-0.0006716122916563007
1015.0517799523598;-0.00016502473452128353
1015.2949680181048;-0.001477547041643828
1015.5381620726569;0.0008942037940337524
1015.781362112953;0.0023679130511538023
1016.02456813593;-0.0021683482559188513
1016.2677801385248;-0.0006716122916563007
1016.5109981176743;-0.0008327992416538062
1016.7542220703151;-0.0011781998487913178
1016.9974519933842;0.0014468447654537712
1017.2406878838184;-0.0012933333845038218
1017.4839297385547;-0.0035729773916113993
1017.7271775545297;-0.004517072384453931
1017.9704313286804;-0.0027209892273388704
1018.2136910579436;-0.0009018793630813085
1018.4569567392563;-0.0035038972701838967
1018.7002283695551;-0.003665084220181402
